1 1 1 1 2 10 1 12 12 27 1 1 1 1 10 1 10 26 5 5 19 19 5 20 1 1 1 1 1 2 18 26 26 18 19 18 3 2 2 2 10 10 5
1 1 1 1 1 10
1 1 1 1 1 10 2 18 26 28 1 1 1 1 1 10 4 18 20 19 5 10 2 10 1 1 1 10 1 1 12 18 2 18 12 11 18 18 1 1 1 1 1 2 18 21 2 29 28 3 5 12 4 2 12 2 5 1 1 1 1 1
1 1 1 1 1 10 18 26 19 5 1 1 1 1 1
1 1 1 1 1 27 11 3 1 1 1 1 1 27 27 18 18 18 4 21 11 10 1 1 1 1 2 1 26 26 10 27 5 20 21 11 26 18 26 20
1 1 1 1 1 27 11
11 5 10 2 20 18 26 12 18 2 10 18 27 26 18 4 10 27 18 2 12 21 4 3 5 2 18 10 10 26 10 18 18 28 18 2 27 18 26 18 18 20 26 18 5 10 10 26 27 18 28 27 18 18 2
1 1 1 1 1 2 26 21 4 12
1 1 1 1 1 10 18 26 20 5 1 1 1 1 10 2 26 26 1 28 29 18 29 28 26
1 1 1 1 1 10 18 26 20 5 1 1 1 1 10 2 26 26 1 28 29 18 29 28 26 1 1 1 1 1 2 18 26 21 5 2 2 27 1 1 1 1 1 2 26 26 5 26 10 19 5 5 3 5 28 21 11 28 5 10 28 1 1 1 1 2 1 26 18 21 18 29 26 5 18 20 18 26 2 4 27 5
1 1 1 1 1
10 18 2 10 18 26 5 4 26 2 18 26 12 19 20 10 2 12 26 10 4 10 27 12 11 26 10 18 28 29
1 1 1 1 1 2 18 26 27 29 1 1 1 1 10 1 18 18 19 5 29 18 5 26 21 1 1 1 1 2 2 18 1 2 28 5 10 19 18 12 5 27 1 1 1 1 2 1 10 4 10 5 18 10 10 10 10 29 26 2 3
2 3 18 5 12 5 5 19 2 2 27 20 18 10 2 4 28 11 13 10 20 20 26 26 18 27 28 26 27 18 4 26 21 10 27 28 18 26 2 18 10 10 18 2 27 26 20 12 2 5 26 10 18 5 27 2 2 2 26 5 18 27 26 21 4
1 1 1 1 1 2 29 4 11 11 1 1 1 1 2 1 18 26 20 12 18 18 5 10 10
1 1 1 1 1 2 26 2 21 5 1 1 1 1 1 2 2 26 21 10 26 18 10 1 1 1 1 2 18 1 18 19 4 13 5 26 10 18 29 10 26
1 1 1 1 1 10 2 27 27 12 1 1 1 1 1 11 20 19 20 20 21 18 29 12 19 1 1 1 1 2 1 10 18 21 12 18 11 5 27 18 20 4 26 1 1 1 1
1 1 1 1 1 10 2 27 27 12 1 1 1 1 1 11 20 19 20 20 21 18 29 12 19 1 1 1 1 2 1 10 18 21 12 18 11 5 27 18 20 4 26 1 1 1 1 2 10 2 1 2 2 12 2 11 10 12 10 26 21 1 1 1 1 1 10 2 18 26 26 10 2 5 10 5 29 18 29 27 2 26 18 28 10 12 1 1 1 1 1 10 10 18 12 5 11 5 10 2 26 20 26 10 21 26 27 2 10
26 27 2 11 11 2 10 3 11 2 2 26 2 2 27 27 18 18 2 27 4 11 21 10 2 18 29 2 12 19 11 10 21 18 26 3 26 18 5 20 5 26 12 5 28 26 12 2 27 2 10 26 26 26 21 10 18 21
1 1 1 1 1 21 11
1 1 1 1 1 2 18 27 11 1 1 1 1 1 2 26 27 28 20 10 28 18 26 1 1 1 1
18 26 26 10 27 19 18 2 10 29 20 29 11 10 21 18 18 10 21 4 27 18 11 26 26 2 26 26 5 20 18 10 18
1 1 1 1 1
1 1 1 1 1 1 1 1 1 1 1 1 1 1 1 1 1 1 1 1 1 1 1 1 1 1 1 1 1 1 1 1 1 1 1 1 1 1 1 1 1 1 1 1 1 1 1 1 1 1 1 1 1 1 1 1 1 1 1 1 1 1 1 1 1 1 1 1 1 1 1 1 1 1 1 1 1 1 1 1 1 1 1 1 1 1 1 1 1 1 1 1 1 1 1 1 1 1 1 1 1
1 1 1 1 1 1 1 1 1 1 1 1 1 1 1 1 1 1 1 1 1 1 1 1 1 1 1 1 1 1 1 1 1 1 1 1 1 1 1 1 1 1 1 1 1 1 1 1 1 1 1 1 1 1 1 1 1 1 1 1 1 1 1 1 1 1 1 1 1 1 1 1 1 1 1 1 1 1 1 1 1 1 1 1 1 1 1 1 1 1 1 1 1 1 1 1 1 1 1 1 1
39
39 39 39 39 39 39 39
39 39 39 39 39 39 39 39 39 39 39
39 39 39 39 39 39 39 39 39 39 39 39 39 39 39
39 39 39 39 39 39 39 39 39 39 39 39 39 39 39 39 39 39
39 39 39 39 39 39 39 39 39 39 39 39 39 39 39 39 39 39 39
39 39 39 39 39 39 39 39 39 39 39 39 39 39 39 39 39 39 39 39 39 39 39 39 39 39 39 39 39 39 39 39 39 39 39 39 39 39 39 39 39 39 39 39 39 39 39 39 39 39 39 39 39 39 39 39 39 39 39 39 39 39 39 39 39 39 39 39 39 39 39 39 39 39 39 39 39 39 39 39 39 39 39 39 39 39 39 39 39 39 39 39 39 39 39 39 39 39 39 39 39 39 39 39 39 39 39 39 39 39 39 39 39 39 39 39 39 39 39 39 39 39 39 39 39 39 39 39 39 39 39 39 39 39 39 39 39 39 39 39 39 39 39 39 39 39 39 39 39 39 39 39 39 39 39 39 39 39 39 39 39 39 39 39 39 39 39 39 39 39 39 39 39 39 39 39 39 39 39 39 39 39 39 39 39 39 39 39 39 39 39 39 39 39 39 39 39 39 39 39 39 39 39 39 39 39 39 39 39 39 39 39 39 39 39 39 39 39 39 39 39 39 39 39 39 39 39 39 39 39 39 39 39 39 39 39 39 39 39 39 39 39 39 39 39 39 39 39 39 39 39 39 39 39 39 39 39 39 39 39 39 39 39 39 39 39 39 39 39 39 39 39 39 39 39 39 39 39 39 39 39 39 39 39 39 39 39 39 39 39 39 39 39 39 39 39 39 39 39 39 39 39 39 39 39 39 39 39 39 39 39 39 39 39 39 39 39 39 39 39 39 39 39 39 39 39 39 39 39 39 39 39 39 39 39 39 39 39 39 39 39 39 39 39 39 39 39 39 39 39 39 39 39 39 39 39 39 39 39 39 39 39 39 39 39 39 39 39 39 39 39 39 39 39 39 39 39 39 39 39 39 39 39 39 39 39 39 39 39 39 39 39 39 39 39 39 39 39 39 39 39 39 39 39 39 39 39 39 39 39 39 39 39 39 39 39 39 39 39 39 39 39 39 39 39 39 39 39 39 39 39 39 39 39 39 39 39 39 39 39 39 39 39 39 39 39 39 39 39 39 39 39 39 39 39 39 39 39 39 39 39 39 39 39 39 39 39 39 39 39 39 39 39 39 39 39 39 39 39 39 39 39 39 39 39 39 39 39 39 39 39 39 39 39 39 39 39 39 39 39 39 39 39 39 39 39 39 39 39 39 39 39 39 39 39 39 39 39 39 39 39 39 39 39 39 39 39 39 39 39 39 39 39 39 39 39 39 39 39 39 39 39 39 39 39 39 39 39 39 39 39 39 39 39 39 39 39 39 39 39 39 39 39 39 39 39 39 39 39 39 39 39 39 39 39 39 39 39 39 39 39 39 39 39 39 39 39 39 39 39 39 39 39 39 39 39 39 39 39 39 39 39 39 39 39 39 39 39 39 39 39 39 39 39 39 39 39 39 39 39 39 39 39 39 39 39 39 39 39 39 39 39 39 39 39 39 39 39 39 39 39 39 39 39 39 39 39 39 39 39 39 39 39 39 39 39 39 39 39 39 39 39 39 39 39 39 39 39 39 39 39 39 39 39 39 39 39 39 39 39 39 39 39 39 39 39 39 39 39 39 39 39 39 39 39 39 39 39 39 39 39 39 39 39 39 39 39 39 39 39 39 39 39 39 39 39 39 39 39 39 39 39 39 39 39 39 39 39 39 39 39 39 39 39 39 39 39 39 39 39 39 39 39 39 39 39 39 39 39 39 39 39 39 39 39 39 39 39 39 39 39 39 39 39 39 39 39 39 39 39 39 39 39 39 39 39 39 39 39 39 39 39 39 39 39 39 39 39 39 39 39 39 39 39 39 39 39 39 39 39 39 39 39 39 39 39 39 39 39 39 39 39 39 39 39 39 39 39 39 39 39 39 39 39 39 39 39 39 39 39 39 39 39 39 39 39 39 39 39 39 39 39 39 39 39 39 39 39 39 39 39 39 39 39 39 39 39 39 39 39 39 39 39 39 39 39 39 39 39 39 39 39 39 39 39 39 39 39 39 39 39 39 39 39 39 39 39 39 39 39 39 39 39 39 39 39 39 39 39 39 39 39 39 39 39 39 39 39 39 39 39 39 39 39 39 39 39 39 39 39 39 39 39 39 39 39 39 39 39 39 39 39 39 39 39 39 39 39 39 39 39 39 39 39 39 39 39 39 39 39 39 39 39 39 39 39 39 39 39 39 39 39 39 39 39 39 39 39 39 39 39 39 39 39 39 39 39 39 39 39 39 39 39 39 39 39 39 39 39 39 39 39 39 39 39 39 39 39 39 39 39 39 39 39 39 39 39 39 39 39 39 39 39 39 39 39 39 39 39 39 39 39 39 39 39 39 39 39 39 39 39 39 39 39 39 39 39 39 39 39 39 39 39 39 39 39 39 39 39 39 39 39 39 39 39 39 39 39 39 39 39 39 39 39 39 39 39 39 39 39 39 39 39 39 39 39 39 39 39 39 39 39 39 39 39 39 39 39 39 39 39 39 39 39 39 39 39 39 39 39 39 39 39 39 39 39 39 39 39 39 39 39 39 39 39 39 39 39 39 39 39 39 39 39 39 39 39 39 39 39 39 39 39 39 39 39 39 39 39 39 39 39 39 39 39 39 39 39 39 39 39 39 39 39 39 39 39 39 39 39 39 39 39 39 39 39 39 39 39 39 39 39 39 39 39 39 39 39 39 39 39 39 39 39 39 39 39 39 39 39 39 39 39 39 39 39 39 39 39 39 39 39 39 39 39 39 39 39 39 39 39 39 39 39 39 39 39 39 39 39 39 39 39 39 39 39 39 39 39 39 39 39 39 39 39 39 39 39 39 39 39 39 39 39 39 39 39 39 39 39 39 39 39 39 39 39 39 39 39 39 39 39 39 39 39 39 39 39 39 39 39 39 39 39 39 39 39 39 39 39 39 39 39 39 39 39 39 39 39 39 39 39 39 39 39 39 39 39 39 39 39 39 39 39 39 39 39 39 39 39 39 39 39 39 39 39 39 39 39 39 39 39 39 39 39 39 39 39 39 39 39 39 39 39 39 39 39 39 39 39 39 39 39 39 39 39 39 39 39 39 39 39 39 39 39 39 39 39 39 39 39 39 39 39 39 39 39 39 39 39 39 39 39 39 39 39 39 39 39 39 39 39 39 39 39 39 39 39 39 39 39 39 39 39 39 39 39 39 39 39 39 39 39 39 39 39 39 39 39 39 39 39 39 39 39 39 39 39 39 39 39 39 39 39 39 39 39 39 39 39 39 39 39 39 39 39 39 39 39 39 39 39 39 39 39 39 39 39 39 39 39 39 39 39 39 39 39 39 39 39 39 39 39 39 39 39 39 39 39 39 39 39 39 39 39 39 39 39 39 39 39 39 39 39 39 39 39 39 39 39 39 39 39 39 39 39 39 39 39 39 39 39 39 39 39 39 39 39 39 39 39 39 39 39 39 39 39 39 39 39 39 39 39 39 39 39 39 39 39 39 39 39 39 39 39 39 39 39 39 39 39 39 39 39 39 39 39 39 39 39 39 39 39 39 39 39 39 39 39 39 39 39 39 39 39 39 39 39 39 39 39 39 39 39 39 39 39 39 39 39 39 39 39 39 39 39 39 39 39 39 39 39 39 39 39 39 39 39 39 39 39 39 39 39 39 39 39 39 39 39 39 39 39 39 39 39 39 39 39 39 39 39 39 39 39 39 39 39 39 39 39 39 39 39 39 39 39 39 39 39 39 39 39 39 39 39 39 39 39 39 39 39 39 39 39 39 39 39 39 39 39 39 39 39 39 39 39 39 39 39 39 39 39 39 39 39 39 39 39 39 39 39 39 39 39 39 39 39 39 39 39 39 39 39 39 39 39 39 39 39 39 39 39 39 39 39 39 39 39 39 39 39 39 39 39 39 39 39 39 39 39 39 39 39 39 39 39 39 39 39 39 39 39 39 39 39 39 39 39 39 39 39 39 39 39 39 39 39 39 39 39 39 39 39 39 39 39 39 39 39 39 39 39 39 39 39 39 39 39 39 39 39 39 39 39 39 39 39 39 39 39 39 39 39 39 39 39 39 39 39 39 39 39 39 39 39 39 39 39 39 39 39 39 39 39 39 39 39 39 39 39 39 39 39 39 39 39 39 39 39 39 39 39 39 39 39 39 39 39 39 39 39 39 39 39 39 39 39 39 39 39 39 39 39 39 39 39 39 39 39 39 39 39 39 39 39 39 39 39 39 39 39 39 39 39 39 39 39 39 39 39 39 39 39 39 39 39 39 39 39 39 39 39 39 39 39 39 39 39 39 39 39 39 39 39 39 39 39 39 39 39 39 39 39 39 39 39 39 39 39 39 39 39 39 39 39 39 39 39 39 39 39 39 39 39 39 39 39 39 39 39 39 39 39 39 39 39 39 39 39 39 39 39 39 39 39 39 39 39 39 39 39 39 39 39 39 39 39 39 39 39 39 39 39 39 39 39 39 39 39 39 39 39 39 39 39 39 39 39 39 39 39 39 39 39 39 39 39 39 39 39 39 39 39 39 39 39 39 39 39 39 39 39 39 39 39 39 39 39 39 39 39 39 39 39 39 39 39 39 39 39 39 39 39 39 39 39 39 39 39 39 39 39 39 39 39 39 39 39 39 39 39 39 39 39 39 39 39 39 39 39 39 39 39 39 39 39 39 39 39 39 39 39 39 39 39 39 39 39 39 39 39 39 39 39 39 39 39 39 39 39 39 39 39 39 39 39 39 39 39 39 39 39 39 39 39 39 39 39 39 39 39 39 39 39 39 39 39 39 39 39 39 39 39 39 39 39 39 39 39 39 39 39 39 39 39 39 39 39 39 39 39 39 39 39 39 39 39 39 39 39 39 39 39 39 39 39 39 39 39 39 39 39 39 39 39 39 39 39 39 39 39 39 39 39 39 39 39 39 39 39 39 39 39 39 39 39 39 39 39 39 39 39 39 39 39 39 39 39 39 39 39 39 39 39 39 39 39 39 39 39 39 39 39 39 39 39 39 39 39 39 39 39 39 39 39 39 39 39 39 39 39 39 39 39 39 39 39 39 39 39 39 39 39 39 39 39 39 39 39 39 39 39 39 39 39 39 39 39 39 39 39 39 39 39 39 39 39 39 39 39 39 39 39 39 39 39 39 39 39 39 39 39 39 39 39 39 39 39 39 39 39 39 39 39 39 39 39 39 39 39 39 39 39 39 39 39 39 39 39 39 39 39 39 39 39 39 39 39 39 39 39 39 39 39 39 39 39 39 39 39 39 39 39 39 39 39 39 39 39 39 39 39 39 39 39 39 39 39 39 39 39 39 39 39 39 39 39 39 39 39 39 39 39 39 39 39 39 39 39 39 39 39 39 39 39 39 39 39 39 39 39 39 39 39 39 39 39 39 39 39 39 39 39 39 39 39 39 39 39 39 39 39 39 39 39 39 39 39 39 39 39 39 39 39 39 39 39 39 39 39 39 39 39 39 39 39 39 39 39 39 39 39 39 39 39 39 39 39 39 39 39 39 39 39 39 39 39 39 39 39 39 39 39 39 39 39 39 39 39 39 39 39 39 39 39 39 39 39 39 39 39 39 39 39 39 39 39 39 39 39 39 39 39 39 39 39 39 39 39 39 39 39 39 39 39 39 39 39 39 39 39 39 39 39 39 39 39 39 39 39 39 39 39 39 39 39 39 39 39 39 39 39 39 39 39 39 39 39 39 39 39 39 39 39 39 39 39 39 39 39 39 39 39 39 39 39 39 39 39 39 39 39 39 39 39 39 39 39 39 39 39 39 39 39 39 39 39 39 39 39 39 39 39 39 39 39 39 39 39 39 39 39 39 39 39 39 39 39 39 39 39 39 39 39 39 39 39 39 39 39 39 39 39 39 39 39 39 39 39 39 39 39 39 39 39 39 39 39 39 39 39 39 39 39 39 39 39 39 39 39 39 39 39 39 39 39 39 39 39 39 39 39 39 39 39 39 39 39 39 39 39 39 39 39 39 39 39 39 39 39 39 39 39 39 39 39 39 39 39 39 39 39 39 39 39 39 39 39 39 39 39 39 39 39 39 39 39 39 39 39 39 39 39 39 39 39 39 39 39 39 39 39 39 39 39 39 39 39 39 39 39 39 39 39 39 39 39 39 39 39 39 39 39 39 39 39 39 39 39 39 39 39 39 39 39 39 39 39 39 39 39 39 39 39 39 39 39 39 39 39 39 39 39 39 39 39 39 39 39 39 39 39 39 39 39 39 39 39 39 39 39 39 39 39 39 39 39 39 39 39 39 39 39 39 39 39 39 39 39 39 39 39 39 39 39 39 39 39 39 39 39 39 39 39 39 39 39 39 39 39 39 39 39 39 39 39 39 39 39 39 39 39 39 39 39 39 39 39 39 39 39 39 39 39 39 39 39 39 39 39 39 39 39 39 39 39 39 39 39 39 39 39 39 39 39 39 39 39 39 39 39 39 39 39 39 39 39 39 39 39 39 39 39 39 39 39 39 39 39 39 39 39 39 39 39 39 39 39 39 39 39 39 39 39 39 39 39 39 39 39 39 39 39 39 39 39 39 39 39 39 39 39 39 39 39 39 39 39 39 39 39 39 39 39 39 39 39 39 39 39 39 39 39 39 39 39 39 39 39 39 39 39 39 39 39 39 39 39 39 39 39 39 39 39 39 39 39 39 39 39 39 39 39 39 39 39 39 39 39 39 39 39 39 39 39 39 39 39 39 39 39 39 39 39 39 39 39 39 39 39 39 39 39 39 39 39 39 39 39 39 39 39 39 39 39 39 39 39 39 39 39 39 39 39 39 39 39 39 39 39 39 39 39 39 39 39 39 39 39 39 39 39 39 39 39 39 39 39 39 39 39 39 39 39 39 39 39 39 39 39 39 39 39 39 39 39 39 39 39 39 39 39 39 39 39 39 39 39 39 39 39 39 39 39 39 39 39 39 39 39 39 39 39 39 39 39 39 39 39 39 39 39 39 39 39 39 39 39 39 39 39 39 39 39 39 39 39 39 39 39 39 39 39 39 39 39 39 39 39 39 39 39 39 39 39 39 39 39 39 39 39 39 39 39 39 39 39 39 39 39 39 39 39 39 39 39 39 39 39 39 39 39 39 39 39 39 39 39 39 39 39 39 39 39 39 39 39 39 39 39 39 39 39 39 39 39 39 39 39 39 39 39 39 39 39 39 39 39 39 39 39 39 39 39 39 39 39 39 39 39 39 39 39 39 39 39 39 39 39 39 39 39 39 39 39 39 39 39 39 39 39 39 39 39 39 39 39 39 39 39 39 39 39 39 39 39 39 39 39 39 39 39 39 39 39 39 39 39 39 39 39 39 39 39 39 39 39 39 39 39 39 39 39 39 39 39 39 39 39 39 39 39 39 39 39 39 39 39 39 39 39 39 39 39 39 39 39 39 39 39 39 39 39 39 39 39 39 39 39 39 39 39 39 39 39 39 39 39 39 39 39 39 39 39 39 39 39 39 39 39 39 39 39 39 39 39 39 39 39 39 39 39 39 39 39 39 39 39 39 39 39 39 39 39 39 39 39 39 39 39 39 39 39 39 39 39 39 39 39 39 39 39 39 39 39 39 39 39 39 39 39 39 39 39 39 39 39 39 39 39 39 39 39 39 39 39 39 39 39 39 39 39 39 39 39 39 39 39 39 39 39 39 39 39 39 39 39 39 39 39 39 39 39 39 39 39 39 39 39 39 39 39 39 39 39 39 39 39 39 39 39 39 39 39 39 39 39 39 39 39 39 39 39 39 39 39 39 39 39 39 39 39 39 39 39 39 39 39 39 39 39 39 39 39 39 39 39 39 39 39 39 39 39 39 39 39 39 39 39 39 39 39 39 39 39 39 39 39 39 39 39 39 39 39 39 39 39 39 39 39 39 39 39 39 39 39 39 39 39 39 39 39 39 39 39 39 39 39 39 39 39 39 39 39 39 39 39 39 39 39 39 39 39 39 39 39 39 39 39 39 39 39 39 39 39 39 39 39 39 39 39 39 39 39 39 39 39 39 39 39 39 39 39 39 39 39 39 39 39 39 39 39 39 39 39 39 39 39 39 39 39 39 39 39 39 39 39 39 39 39 39 39 39 39 39 39 39 39 39 39 39 39 39 39 39 39 39 39 39 39 39 39 39 39 39 39 39 39 39 39 39 39 39 39 39 39 39 39 39 39 39 39 39 39 39 39 39 39 39 39 39 39 39 39 39 39 39 39 39 39 39 39 39 39 39 39 39 39 39 39 39 39 39 39 39 39 39 39 39 39 39 39 39 39 39 39 39 39 39 39 39 39 39 39 39 39 39 39 39 39 39 39 39 39 39 39 39 39 39 39 39 39 39 39 39 39 39 39 39 39 39 39 39 39 39 39 39 39 39 39 39 39 39 39 39 39 39 39 39 39 39 39 39 39 39 39 39 39 39 39 39 39 39 39 39 39 39 39 39 39 39 39 39 39 39 39 39 39 39 39 39 39 39 39 39 39 39 39 39 39 39 39 39 39 39 39 39 39 39 39 39 39 39 39 39 39 39 39 39 39 39 39 39 39 39 39 39 39 39 39 39 39 39 39 39 39 39 39 39 39 39 39 39 39 39 39 39 39 39 39 39 39 39 39 39 39 39 39 39 39 39 39 39 39 39 39 39 39 39 39 39 39 39 39 39 39 39 39 39 39 39 39 39 39 39 39 39 39 39 39 39 39 39 39 39 39 39 39 39 39 39 39 39 39 39 39 39 39 39 39 39 39 39 39 39 39 39 39 39 39 39 39 39 39 39 39 39 39 39 39 39 39 39 39 39 39 39 39 39 39 39 39 39 39 39 39 39 39 39 39 39 39 39 39 39 39 39 39 39 39 39 39 39 39 39 39 39 39 39 39 39 39 39 39 39 39 39 39 39 39 39 39 39 39 39 39 39 39 39 39 39 39 39 39 39 39 39 39 39 39 39 39 39 39 39 39 39 39 39 39 39 39 39 39 39 39 39 39 39 39 39 39 39 39 39 39 39 39 39 39 39 39 39 39 39 39 39 39 39 39 39 39 39 39 39 39 39 39 39 39 39 39 39 39 39 39 39 39 39 39 39 39 39 39 39 39 39 39 39 39 39 39 39 39 39 39 39 39 39 39 39 39 39 39 39 39 39 39 39 39 39 39 39 39 39 39 39 39 39 39 39 39 39 39 39 39 39 39 39 39 39 39 39 39 39 39 39 39 39 39 39 39 39 39 39 39 39 39 39 39 39 39 39 39 39 39 39 39 39 39 39 39 39 39 39 39 39 39 39 39 39 39 39 39 39 39 39 39 39 39 39 39 39 39 39 39 39 39 39 39 39 39 39 39 39 39 39 39 39 39 39 39 39 39 39 39 39 39 39 39 39 39 39 39 39 39 39 39 39 39 39 39 39 39 39 39 39 39 39 39 39 39 39 39 39 39 39 39 39 39 39 39 39 39 39 39 39 39 39 39 39 39 39 39 39 39 39 39 39 39 39 39 39 39 39 39 39 39 39 39 39 39 39 39 39 39 39 39 39 39 39 39 39 39 39 39 39 39 39 39 39 39 39 39 39 39 39 39 39 39 39 39 39 39 39 39 39 39 39 39 39 39 39 39 39 39 39 39 39 39 39 39 39 39 39 39 39 39 39 39 39 39 39 39 39 39 39 39 39 39 39 39 39 39 39 39 39 39 39 39 39 39 39 39 39 39 39 39 39 39 39 39 39 39 39 39 39 39 39 39 39 39 39 39 39 39 39 39 39 39 39 39 39 39 39 39 39 39 39 39 39 39 39 39 39 39 39 39 39 39 39 39 39 39 39 39 39 39 39 39 39 39 39 39 39 39 39 39 39 39 39 39 39 39 39 39 39 39 39 39 39 39 39 39 39 39 39 39 39 39 39 39 39 39 39 39 39 39 39 39 39 39 39 39 39 39 39 39 39 39 39 39 39 39 39 39 39 39 39 39 39 39 39 39 39 39 39 39 39 39 39 39 39 39 39 39 39 39 39 39 39 39 39 39 39 39 39 39 39 39 39 39 39 39 39 39 39 39 39 39 39 39 39 39 39 39 39 39 39 39 39 39 39 39 39 39 39 39 39 39 39 39 39 39 39 39 39 39 39 39 39 39 39 39 39 39 39 39 39 39 39 39 39 39 39 39 39 39 39 39 39 39 39 39 39 39 39 39 39 39 39 39 39 39 39 39 39 39 39 39 39 39 39 39 39 39 39 39 39 39 39 39 39 39 39 39 39 39 39 39 39 39 39 39 39 39 39 39 39 39 39 39 39 39 39 39 39 39 39 39 39 39 39 39 39 39 39 39 39 39 39 39 39 39 39 39 39 39 39 39 39 39 39 39 39 39 39 39 39 39 39 39 39 39 39 39 39 39 39 39 39 39 39 39 39 39 39 39 39 39 39 39 39 39 39 39 39 39 39 39 39 39 39 39 39 39 39 39 39 39 39 39 39 39 39 39 39 39 39 39 39 39 39 39 39 39 39 39 39 39 39 39 39 39 39 39 39 39 39 39 39 39 39 39 39 39 39 39 39 39 39 39 39 39 39 39 39 39 39 39 39 39 39 39 39 39 39 39 39 39 39 39 39 39 39 39 39 39 39 39 39 39 39 39 39 39 39 39 39 39 39 39 39 39 39 39 39 39 39 39 39 39 39 39 39 39 39 39 39 39 39 39 39 39 39 39 39 39 39 39 39 39 39 39 39 39 39 39 39 39 39 39 39 39 39 39 39 39 39 39 39 39 39 39 39 39 39 39 39 39 39 39 39 39 39 39 39 39 39 39 39 39 39 39 39 39 39 39 39 39 39 39 39 39 39 39 39 39 39 39 39 39 39 39 39 39 39 39 39 39 39 39 39 39 39 39 39 39 39 39 39 39 39 39 39 39 39 39 39 39 39 39 39 39 39 39 39 39 39 39 39 39 39 39 39 39 39 39 39 39 39 39 39 39 39 39 39 39 39 39 39 39 39 39 39 39 39 39 39 39 39 39 39 39 39 39 39 39 39 39 39 39 39 39 39 39 39 39 39 39 39 39 39 39 39 39 39 39 39 39 39 39 39 39 39 39 39 39 39 39 39 39 39 39 39 39 39 39 39 39 39 39 39 39 39 39 39 39 39 39 39 39 39 39 39 39 39 39 39 39 39 39 39 39 39 39 39 39 39 39 39 39 39 39 39 39 39 39 39 39 39 39 39 39 39 39 39 39 39 39 39 39 39 39 39 39 39 39 39 39 39 39 39 39 39 39 39 39 39 39 39 39 39 39 39 39 39 39 39 39 39 39 39 39 39 39 39 39 39 39 39 39 39 39 39 39 39 39 39 39 39 39 39 39 39 39 39 39 39 39 39 39 39 39 39 39 39 39 39 39 39 39 39 39 39 39 39 39 39 39 39 39 39 39 39 39 39 39 39 39 39 39 39 39 39 39 39 39 39 39 39 39 39 39 39 39 39 39 39 39 39 39 39 39 39 39 39 39 39 39 39 39 39 39 39 39 39 39 39 39 39 39 39 39 39 39 39 39 39 39 39 39 39 39 39 39 39 39 39 39 39 39 39 39 39 39 39 39 39 39 39 39 39 39 39 39 39 39 39 39 39 39 39 39 39 39 39 39 39 39 39 39 39 39 39 39 39 39 39 39 39 39 39 39 39 39 39 39 39 39 39 39 39 39 39 39 39 39 39 39 39 39 39 39 39 39 39 39 39 39 39 39 39 39 39 39 39 39 39 39 39 39 39 39 39 39 39 39 39 39 39 39 39 39 39 39 39 39 39 39 39 39 39 39 39 39 39 39 39 39 39 39 39 39 39 39 39 39 39 39 39 39 39 39 39 39 39 39 39 39 39 39 39 39 39 39 39 39 39 39 39 39 39 39 39 39 39 39 39 39 39 39 39 39 39 39 39 39 39 39 39 39 39 39 39 39 39 39 39 39 39 39 39 39 39 39 39 39 39 39 39 39 39 39 39 39 39 39 39 39 39 39 39 39 39 39 39 39 39 39 39 39 39 39 39 39 39 39 39 39 39 39 39 39 39 39 39 39 39 39 39 39 39 39 39 39 39 39 39 39 39 39 39 39 39 39 39 39 39 39 39 39 39 39 39 39 39 39 39 39 39 39 39 39 39 39 39 39 39 39 39 39 39 39 39 39 39 39 39 39 39 39 39 39 39 39 39 39 39 39 39 39 39 39 39 39 39 39 39 39 39 39 39 39 39 39 39 39 39 39 39 39 39 39 39 39 39 39 39 39 39 39 39 39 39 39 39 39 39 39 39 39 39
39 39 39 39 39 39 39 39 39 39 39 39 39 39 39 39 39 39 39 39 39 39 39 39 39 39 39 39 39 39 39 39 39 39 39 39 39 39 39 39 39 39 39 39 39 39 39 39 39 39 39 39 39 39 39 39 39 39 39 39 39 39 39 39 39 39 39 39 39 39 39 39 39 39 39 39 39 39 39 39 39 39 39 39 39 39 39 39 39 39 39 39 39 39 39 39 39 39 39 39 39 39 39 39 39 39 39 39 39 39 39 39 39 39 39 39 39 39 39 39 39 39 39 39 39 39 39 39 39 39 39 39 39 39 39 39 39 39 39 39 39 39 39 39 39 39 39 39 39 39 39 39 39 39 39 39 39 39 39 39 39 39 39 39 39 39 39 39 39 39 39 39 39 39 39 39 39 39 39 39 39 39 39 39 39 39 39 39 39 39 39 39 39 39 39 39 39 39 39 39 39 39 39 39 39 39 39 39 39 39 39 39 39 39 39 39 39 39 39 39 39 39 39 39 39 39 39 39 39 39 39 39 39 39 39 39 39 39 39 39 39 39 39 39 39 39 39 39 39 39 39 39 39 39 39 39 39 39 39 39 39 39 39 39 39 39 39 39 39 39 39 39 39 39 39 39 39 39 39 39 39 39 39 39 39 39 39 39 39 39 39 39 39 39 39 39 39 39 39 39 39 39 39 39 39 39 39 39 39 39 39 39 39 39 39 39 39 39 39 39 39 39 39 39 39 39 39 39 39 39 39 39 39 39 39 39 39 39 39 39 39 39 39 39 39 39 39 39 39 39 39 39 39 39 39 39 39 39 39 39 39 39 39 39 39 39 39 39 39 39 39 39 39 39 39 39 39 39 39 39 39 39 39 39 39 39 39 39 39 39 39 39 39 39 39 39 39 39 39 39 39 39 39 39 39 39 39 39 39 39 39 39 39 39 39 39 39 39 39 39 39 39 39 39 39 39 39 39 39 39 39 39 39 39 39 39 39 39 39 39 39 39 39 39 39 39 39 39 39 39 39 39 39 39 39 39 39 39 39 39 39 39 39 39 39 39 39 39 39 39 39 39 39 39 39 39 39 39 39 39 39 39 39 39 39 39 39 39 39 39 39 39 39 39 39 39 39 39 39 39 39 39 39 39 39 39 39 39 39 39 39 39 39 39 39 39 39 39 39 39 39 39 39 39 39 39 39 39 39 39 39 39 39 39 39 39 39 39 39 39 39 39 39 39 39 39 39 39 39 39 39 39 39 39 39 39 39 39 39 39 39 39 39 39 39 39 39 39 39 39 39 39 39 39 39 39 39 39 39 39 39 39 39 39 39 39 39 39 39 39 39 39 39 39 39 39 39 39 39 39 39 39 39 39 39 39 39 39 39 39 39 39 39 39 39 39 39 39 39 39 39 39 39 39 39 39 39 39 39 39 39 39 39 39 39 39 39 39 39 39 39 39 39 39 39 39 39 39 39 39 39 39 39 39 39 39 39 39 39 39 39 39 39 39 39 39 39 39 39 39 39 39 39 39 39 39 39 39 39 39 39 39 39 39 39 39 39 39 39 39 39 39 39 39 39 39 39 39 39 39 39 39 39 39 39 39 39 39 39 39 39 39 39 39 39 39 39 39 39 39 39 39 39 39 39 39 39 39 39 39 39 39 39 39 39 39 39 39 39 39 39 39 39 39 39 39 39 39 39 39 39 39 39 39 39 39 39 39 39 39 39 39 39 39 39 39 39 39 39 39 39 39 39 39 39 39 39 39 39 39 39 39 39 39 39 39 39 39 39 39 39 39 39 39 39 39 39 39 39 39 39 39 39 39 39 39 39 39 39 39 39 39 39 39 39 39 39 39 39 39 39 39 39 39 39 39 39 39 39 39 39 39 39 39 39 39 39 39 39 39 39 39 39 39 39 39 39 39 39 39 39 39 39 39 39 39 39 39 39 39 39 39 39 39 39 39 39 39 39 39 39 39 39 39 39 39 39 39 39 39 39 39 39 39 39 39 39 39 39 39 39 39 39 39 39 39 39 39 39 39 39 39 39 39 39 39 39 39 39 39 39 39 39 39 39 39 39 39 39 39 39 39 39 39 39 39 39 39 39 39 39 39 39 39 39 39 39 39 39 39 39 39 39 39 39 39 39 39 39 39 39 39 39 39 39 39 39 39 39 39 39 39 39 39 39 39 39 39 39 39 39 39 39 39 39 39 39 39 39 39 39 39 39 39 39 39 39 39 39 39 39 39 39 39 39 39 39 39 39 39 39 39 39 39 39 39 39 39 39 39 39 39 39 39 39 39 39 39 39 39 39 39 39 39 39 39 39 39 39 39 39 39 39 39 39 39 39 39 39 39 39 39 39 39 39 39 39 39 39 39 39 39 39 39 39 39 39 39 39 39 39 39 39 39 39 39 39 39 39 39 39 39 39 39 39 39 39 39 39 39 39 39 39 39 39 39 39 39 39 39 39 39 39 39 39 39 39 39 39 39 39 39 39 39 39 39 39 39 39 39 39 39 39 39 39 39 39 39 39 39 39 39 39 39 39 39 39 39 39 39 39 39 39 39 39 39 39 39 39 39 39 39 39 39 39 39 39 39 39 39 39 39 39 39 39 39 39 39 39 39 39 39 39 39 39 39 39 39 39 39 39 39 39 39 39 39 39 39 39 39 39 39 39 39 39 39 39 39 39 39 39 39 39 39 39 39 39 39 39 39 39 39 39 39 39 39 39 39 39 39 39 39 39 39 39 39 39 39 39 39 39 39 39 39 39 39 39 39 39 39 39 39 39 39 39 39 39 39 39 39 39 39 39 39 39 39 39 39 39 39 39 39 39 39 39 39 39 39 39 39 39 39 39 39 39 39 39 39 39 39 39 39 39 39 39 39 39 39 39 39 39 39 39 39 39 39 39 39 39 39 39 39 39 39 39 39 39 39 39 39 39 39 39 39 39 39 39 39 39 39 39 39 39 39 39 39 39 39 39 39 39 39 39 39 39 39 39 39 39 39 39 39 39 39 39 39 39 39 39 39 39 39 39 39 39 39 39 39 39 39 39 39 39 39 39 39 39 39 39 39 39 39 39 39 39 39 39 39 39 39 39 39 39 39 39 39 39 39 39 39 39 39 39 39 39 39 39 39 39 39 39 39 39 39 39 39 39 39 39 39 39 39 39 39 39 39 39 39 39 39 39 39 39 39 39 39 39 39 39 39 39 39 39 39 39 39 39 39 39 39 39 39 39 39 39 39 39 39 39 39 39 39 39 39 39 39 39 39 39 39 39 39 39 39 39 39 39 39 39 39 39 39 39 39 39 39 39 39 39 39 39 39 39 39 39 39 39 39 39 39 39 39 39 39 39 39 39 39 39 39 39 39 39 39 39 39 39 39 39 39 39 39 39 39 39 39 39 39 39 39 39 39 39 39 39 39 39 39 39 39 39 39 39 39 39 39 39 39 39 39 39 39 39 39 39 39 39 39 39 39 39 39 39 39 39 39 39 39 39 39 39 39 39 39 39 39 39 39 39 39 39 39 39 39 39 39 39 39 39 39 39 39 39 39 39 39 39 39 39 39 39 39 39 39 39 39 39 39 39 39 39 39 39 39 39 39 39 39 39 39 39 39 39 39 39 39 39 39 39 39 39 39 39 39 39 39 39 39 39 39 39 39 39 39 39 39 39 39 39 39 39 39 39 39 39 39 39 39 39 39 39 39 39 39 39 39 39 39 39 39 39 39 39 39 39 39 39 39 39 39 39 39 39 39 39 39 39 39 39 39 39 39 39 39 39 39 39 39 39 39 39 39 39 39 39 39 39 39 39 39 39 39 39 39 39 39 39 39 39 39 39 39 39 39 39 39 39 39 39 39 39 39 39 39 39 39 39 39 39 39 39 39 39 39 39 39 39 39 39 39 39 39 39 39 39 39 39 39 39 39 39 39 39 39 39 39 39 39 39 39 39 39 39 39 39 39 39 39 39 39 39 39 39 39 39 39 39 39 39 39 39 39 39 39 39 39 39 39 39 39 39 39 39 39 39 39 39 39 39 39 39 39 39 39 39 39 39 39 39 39 39 39 39 39 39 39 39 39 39 39 39 39 39 39 39 39 39 39 39 39 39 39 39 39 39 39 39 39 39 39 39 39 39 39 39 39 39 39 39 39 39 39 39 39 39 39 39 39 39 39 39 39 39 39 39 39 39 39 39 39 39 39 39 39 39 39 39 39 39 39 39 39 39 39 39 39 39 39 39 39 39 39 39 39 39 39 39 39 39 39 39 39 39 39 39 39 39 39 39 39 39 39 39 39 39 39 39 39 39 39 39 39 39 39 39 39 39 39 39 39 39 39 39 39 39 39 39 39 39 39 39 39 39 39 39 39 39 39 39 39 39 39 39 39 39 39 39 39 39 39 39 39 39 39 39 39 39 39 39 39 39 39 39 39 39 39 39 39 39 39 39 39 39 39 39 39 39 39 39 39 39 39 39 39 39 39 39 39 39 39 39 39 39 39 39 39 39 39 39 39 39 39 39 39 39 39 39 39 39 39 39 39 39 39 39 39 39 39 39 39 39 39 39 39 39 39 39 39 39 39 39 39 39 39 39 39 39 39 39 39 39 39 39 39 39 39 39 39 39 39 39 39 39 39 39 39 39 39 39 39 39 39 39 39 39 39 39 39 39 39 39 39 39 39 39 39 39 39 39 39 39 39 39 39 39 39 39 39 39 39 39 39 39 39 39 39 39 39 39 39 39 39 39 39 39 39 39 39 39 39 39 39 39 39 39 39 39 39 39 39 39 39 39 39 39 39 39 39 39 39 39 39 39 39 39 39 39 39 39 39 39 39 39 39 39 39 39 39 39 39 39 39 39 39 39 39 39 39 39 39 39 39 39 39 39 39 39 39 39 39 39 39 39 39 39 39 39 39 39 39 39 39 39 39 39 39 39 39 39 39 39 39 39 39 39 39 39 39 39 39 39 39 39 39 39 39 39 39 39 39 39 39 39 39 39 39 39 39 39 39 39 39 39 39 39 39 39 39 39 39 39 39 39 39 39 39 39 39 39 39 39 39 39 39 39 39 39 39 39 39 39 39 39 39 39 39 39 39 39 39 39 39 39 39 39 39 39 39 39 39 39 39 39 39 39 39 39 39 39 39 39 39 39 39 39 39 39 39 39 39 39 39 39 39 39 39 39 39 39 39 39 39 39 39 39 39 39 39 39 39 39 39 39 39 39 39 39 39 39 39 39 39 39 39 39 39 39 39 39 39 39 39 39 39 39 39 39 39 39 39 39 39 39 39 39 39 39 39 39 39 39 39 39 39 39 39 39 39 39 39 39 39 39 39 39 39 39 39 39 39 39 39 39 39 39 39 39 39 39 39 39 39 39 39 39 39 39 39 39 39 39 39 39 39 39 39 39 39 39 39 39 39 39 39 39 39 39 39 39 39 39 39 39 39 39 39 39 39 39 39 39 39 39 39 39 39 39 39 39 39 39 39 39 39 39 39 39 39 39 39 39 39 39 39 39 39 39 39 39 39 39 39 39 39 39 39 39 39 39 39 39 39 39 39 39 39 39 39 39 39 39 39 39 39 39 39 39 39 39 39 39 39 39 39 39 39 39 39 39 39 39 39 39 39 39 39 39 39 39 39 39 39 39 39 39 39 39 39 39 39 39 39 39 39 39 39 39 39 39 39 39 39 39 39 39 39 39 39 39 39 39 39 39 39 39 39 39 39 39 39 39 39 39 39 39 39 39 39 39 39 39 39 39 39 39 39 39 39 39 39 39 39 39 39 39 39 39 39 39 39 39 39 39 39 39 39 39 39 39 39 39 39 39 39 39 39 39 39 39 39 39 39 39 39 39 39 39 39 39 39 39 39 39 39 39 39 39 39 39 39 39 39 39 39 39 39 39 39 39 39 39 39 39 39 39 39 39 39 39 39 39 39 39 39 39 39 39 39 39 39 39 39 39 39 39 39 39 39 39 39 39 39 39 39 39 39 39 39 39 39 39 39 39 39 39 39 39 39 39 39 39 39 39 39 39 39 39 39 39 39 39 39 39 39 39 39 39 39 39 39 39 39 39 39 39 39 39 39 39 39 39 39 39 39 39 39 39 39 39 39 39 39 39 39 39 39 39 39 39 39 39 39 39 39 39 39 39 39 39 39 39 39 39 39 39 39 39 39 39 39 39 39 39 39 39 39 39 39 39 39 39 39 39 39 39 39 39 39 39 39 39 39 39 39 39 39 39 39 39 39 39 39 39 39 39 39 39 39 39 39 39 39 39 39 39 39 39 39 39 39 39 39 39 39 39 39 39 39 39 39 39 39 39 39 39 39 39 39 39 39 39 39 39 39 39 39 39 39 39 39 39 39 39 39 39 39 39 39 39 39 39 39 39 39 39 39 39 39 39 39 39 39 39 39 39 39 39 39 39 39 39 39 39 39 39 39 39 39 39 39 39 39 39 39 39 39 39 39 39 39 39 39 39 39 39 39 39 39 39 39 39 39 39 39 39 39 39 39 39 39 39 39 39 39 39 39 39 39 39 39 39 39 39 39 39 39 39 39 39 39 39 39 39 39 39 39 39 39 39 39 39 39 39 39 39 39 39 39 39 39 39 39 39 39 39 39 39 39 39 39 39 39 39 39 39 39 39 39 39 39 39 39 39 39 39 39 39 39 39 39 39 39 39 39 39 39 39 39 39 39 39 39 39 39 39 39 39 39 39 39 39 39 39 39 39 39 39 39 39 39 39 39 39 39 39 39 39 39 39 39 39 39 39 39 39 39 39 39 39 39 39 39 39 39 39 39 39 39 39 39 39 39 39 39 39 39 39 39 39 39 39 39 39 39 39 39 39 39 39 39 39 39 39 39 39 39 39 39 39 39 39 39 39 39 39 39 39 39 39 39 39 39 39 39 39 39 39 39 39 39 39 39 39 39 39 39 39 39 39 39 39 39 39 39 39 39 39 39 39 39 39 39 39 39 39 39 39 39 39 39 39 39 39 39 39 39 39 39 39 39 39 39 39 39 39 39 39 39 39 39 39 39 39 39 39 39 39 39 39 39 39 39 39 39 39 39 39 39 39 39 39 39 39 39 39 39 39 39 39 39 39 39 39 39 39 39 39 39 39 39 39 39 39 39 39 39 39 39 39 39 39 39 39 39 39 39 39 39 39 39 39 39 39 39 39 39 39 39 39 39 39 39 39 39 39 39 39 39 39 39 39 39 39 39 39 39 39 39 39 39 39 39 39 39 39 39 39 39 39 39 39 39 39 39 39 39 39 39 39 39 39 39 39 39 39 39 39 39 39 39 39 39 39 39 39 39 39 39 39 39 39 39 39 39 39 39 39 39 39 39 39 39 39 39 39 39 39 39 39 39 39 39 39 39 39 39 39 39 39 39 39 39 39 39 39 39 39 39 39 39 39 39 39 39 39 39 39 39 39 39 39 39 39 39 39 39 39 39 39 39 39 39 39 39 39 39 39 39 39 39 39 39 39 39 39 39 39 39 39 39 39 39 39 39 39 39 39 39 39 39 39 39 39 39 39 39 39 39 39 39 39 39 39 39 39 39 39 39 39 39 39 39 39 39 39 39 39 39 39 39 39 39 39 39 39 39 39 39 39 39 39 39 39 39 39 39 39 39 39 39 39 39 39 39 39 39 39 39 39 39 39 39 39 39 39 39 39 39 39 39 39 39 39 39 39 39 39 39 39 39 39 39 39 39 39 39 39 39 39 39 39 39 39 39 39 39 39 39 39 39 39 39 39 39 39 39 39 39 39 39 39 39 39 39 39 39 39 39 39 39 39 39 39 39 39 39 39 39 39 39 39 39 39 39 39 39 39 39 39 39 39 39 39 39 39 39 39 39 39 39 39 39 39 39 39 39 39 39 39 39 39 39 39 39 39 39 39 39 39 39 39 39 39 39 39 39 39 39 39 39 39 39 39 39 39 39 39 39 39 39 39 39 39 39 39 39 39 39 39 39 39 39 39 39 39 39 39 39 39 39 39 39 39 39 39 39 39 39 39 39 39 39 39 39 39 39 39 39 39 39 39 39 39 39 39 39 39 39 39 39 39 39 39 39 39 39 39 39 39 39 39 39 39 39 39 39 39 39 39 39 39 39 39 39 39 39 39 39 39 39 39 39 39 39 39 39 39 39 39 39 39 39 39 39 39 39 39 39 39 39 39 39 39 39 39 39 39 39 39 39 39 39 39 39 39 39 39 39 39 39 39 39 39 39 39 39 39 39 39 39 39 39 39 39 39 39 39 39 39 39 39 39 39 39 39 39 39 39 39 39 39 39 39 39 39 39 39 39 39 39 39 39 39 39 39 39 39 39 39 39 39 39 39 39 39 39 39 39 39 39 39 39 39 39 39 39 39 39 39 39 39 39 39 39 39 39 39 39 39 39 39 39 39 39 39 39 39 39 39 39 39 39 39 39 39 39 39 39 39 39 39 39 39 39 39 39 39 39 39 39 39 39 39 39 39 39 39 39 39 39 39 39 39 39 39 39 39 39 39 39 39 39 39 39 39 39 39 39 39 39 39 39 39 39 39 39 39 39 39 39 39 39 39 39 39 39 39 39 39 39 39 39 39 39 39 39 39 39 39 39 39 39 39 39 39 39 39 39 39 39 39 39 39 39 39 39 39 39 39 39 39 39 39 39 39 39 39 39 39 39 39 39 39 39 39 39 39 39 39 39 39 39 39 39 39 39 39 39 39 39 39 39 39 39 39 39 39 39 39 39 39 39 39 39 39 39 39 39 39 39 39 39 39 39 39 39 39 39 39 39 39 39 39 39 39 39 39 39 39 39 39 39 39 39 39 39 39 39 39 39 39 39 39 39 39 39 39 39 39 39 39 39 39 39 39 39 39 39 39 39 39 39 39 39 39 39 39 39 39 39 39 39 39 39 39 39 39 39 39 39 39 39 39 39 39 39 39 39 39 39 39 39 39 39 39 39 39 39 39 39 39 39 39 39 39 39 39 39 39 39 39 39 39 39 39 39 39 39 39 39 39 39 39 39 39 39 39 39 39 39 39 39 39 39 39 39 39 39 39 39 39 39 39 39 39 39 39 39 39 39 39 39 39 39 39 39 39 39 39 39 39 39 39 39 39 39 39 39 39 39 39 39 39 39 39 39 39 39 39 39 39 39 39 39 39 39 39 39 39 39 39 39 39 39 39 39 39 39 39 39 39 39 39 39 39 39 39 39 39 39 39 39 39 39 39 39 39 39 39 39 39 39 39 39 39 39 39 39 39 39 39 39 39 39 39 39 39 39 39 39 39 39 39 39 39 39 39 39 39 39 39 39 39 39 39 39 39 39 39 39 39 39 39 39 39 39 39 39 39 39 39 39 39 39 39 39 39 39 39 39 39 39 39 39 39 39 39 39 39 39 39 39 39 39 39 39 39 39 39 39 39 39 39 39 39 39 39 39 39 39 39 39 39 39 39 39 39 39 39 39 39 39 39 39 39 39 39 39 39 39 39 39 39 39 39 39 39 39 39 39 39 39 39 39 39 39 39 39 39 39 39 39 39 39 39 39 39 39 39 39 39 39 39 39 39 39 39 39 39 39 39 39 39 39 39 39 39 39 39 39 39 39 39 39 39 39 39 39 39 39 39 39 39 39 39 39 39 39 39 39 39 39 39 39 39 39 39 39 39 39 39 39 39 39 39 39 39 39 39 39 39 39 39 39 39 39 39 39 39 39 39 39 39 39 39 39 39 39 39 39 39 39 39 39 39 39 39 39 39 39 39 39 39 39 39 39 39 39 39 39 39 39 39 39 39 39 39 39 39 39 39 39 39 39 39 39 39 39 39 39 39 39 39 39 39 39 39 39 39 39 39 39 39 39 39 39 39 39 39 39 39 39 39 39 39 39 39 39 39 39 39 39 39 39 39 39 39 39 39 39 39 39 39 39 39 39 39 39 39 39 39 39 39 39 39 39 39 39 39 39 39 39 39 39 39 39 39 39 39 39 39 39 39 39 39 39 39 39 39 39 39 39 39 39 39 39 39 39 39 39 39 39 39 39 39 39 39 39 39 39 39 39 39 39 39 39 39 39 39 39 39 39 39 39 39 39 39 39 39 39 39 39 39 39 39 39 39 39 39 39 39 39 39 39 39 39 39 39 39 39 39 39 39 39 39 39 39 39 39 39 39 39 39 39 39 39 39 39 39 39 39 39 39 39 39 39 39 39 39 39 39 39 39 39 39 39 39 39 39 39 39 39 39 39 39 39 39 39 39 39 39 39 39 39 39 39 39 39 39 39 39 39 39 39 39 39 39 39 39 39 39 39 39 39 39 39 39 39 39 39 39 39 39 39 39 39 39 39 39 39 39 39 39 39 39 39 39 39 39 39 39 39 39 39 39 39 39 39 39 39 39 39 39 39 39 39 39 39 39 39 39 39 39 39 39 39 39 39 39 39 39 39 39 39 39 39 39 39 39 39 39 39 39 39 39 39 39 39 39 39 39 39 39 39 39 39 39 39 39 39 39 39 39 39 39 39 39 39 39 39 39 39 39 39 39 39 39 39 39 39 39 39 39 39 39 39 39 39 39 39 39 39 39 39 39 39 39 39 39 39 39 39 39 39 39 39 39 39 39 39 39 39 39 39 39 39 39 39 39 39 39 39 39 39 39 39 39 39 39 39 39 39 39 39 39 39 39 39 39 39 39 39 39 39 39 39 39 39 39 39 39 39 39 39 39 39 39 39 39 39 39 39 39 39 39 39 39 39 39 39 39 39 39 39 39 39 39 39 39 39 39 39 39 39 39 39 39 39 39 39 39 39 39 39 39 39 39 39 39 39 39 39 39 39 39 39 39 39 39 39 39 39 39 39 39 39 39 39 39 39 39 39 39 39 39 39 39 39 39 39 39 39 39 39 39 39 39 39 39 39 39 39 39 39 39 39 39 39 39 39 39 39 39 39 39 39 39 39 39 39 39 39 39 39 39 39 39 39 39 39 39 39 39 39 39 39 39 39 39 39 39 39 39 39 39 39 39 39 39 39 39 39 39 39 39 39 39 39 39 39 39 39 39 39 39 39 39 39 39 39 39 39 39 39 39 39 39 39 39 39 39 39 39 39 39 39 39 39 39 39 39 39 39 39 39 39 39 39 39 39 39 39 39 39 39 39 39 39 39 39 39 39 39 39 39 39 39 39 39 39 39 39 39 39 39 39 39 39 39 39 39 39 39 39 39 39 39 39 39 39 39 39 39 39 39 39 39 39 39 39 39 39 39 39 39 39 39 39 39 39 39 39 39 39 39 39 39 39 39 39 39 39 39 39 39 39 39 39 39 39 39 39 39 39 39 39 39 39 39 39 39 39 39 39 39 39 39 39 39 39 39 39 39 39 39 39 39 39 39 39 39 39 39 39 39 39 39 39 39 39 39 39 39 39 39 39 39 39 39 39 39 39 39 39 39 39 39 39 39 39 39 39 39 39 39 39 39 39 39 39 39 39 39 39 39 39 39 39 39 39 39 39 39 39 39 39 39 39 39 39 39 39 39 39 39 39 39 39 39 39 39 39 39 39 39 39 39 39 39 39 39 39 39 39 39 39 39 39 39 39 39 39 39 39 39 39 39 39 39 39 39 39 39 39 39 39 39 39 39 39 39 39 39 39 39 39 39 39 39 39 39 39 39 39 39 39 39 39 39 39 39 39 39 39 39 39 39 39 39 39 39 39 39 39 39 39 39 39 39 39 39 39 39 39 39 39 39 39 39 39 39 39 39 39 39 39 39 39 39 39 39 39 39 39 39 39 39 39 39 39 39 39 39 39 39 39 39 39 39 39 39 39 39 39 39 39 39 39 39 39 39 39 39 39 39 39 39 39 39 39 39 39 39 39 39 39 39 39 39 39 39 39 39 39 39 39 39 39 39 39 39 39 39 39 39 39 39 39 39 39 39 39 39 39 39 39 39 39 39 39 39 39 39 39 39 39 39 39 39 39 39 39 39 39 39 39 39 39 39 39 39 39 39 39 39 39 39 39 39 39 39 39 39 39 39 39 39 39 39 39 39 39 39 39 39 39 39 39 39 39 39 39 39 39 39 39 39 39 39 39 39 39 39 39 39 39 39 39 39 39 39 39 39 39 39 39 39 39 39 39 39 39 39 39 39 39 39 39 39 39 39 39 39 39 39 39 39 39 39 39 39 39 39 39 39 39 39 39 39 39 39 39 39 39 39 39 39 39 39 39 39 39 39 39 39 39 39 39 39 39 39 39 39
1 1 1 1 1 1 1 1 1 1 1 1 1 1 35 1 1 1 1 1 35 1 1 1 1 1 1 1 1 1 1 1 1 1 35 35 35 35 35 35 35 35 35 35 35 35 35 35 35 35 35 35 35 35 35 1 1 1 1 1 1 1 1 1 1 1 35 35 35 35 35 35 35 35 35 1 1 1 1 1 1 1 1 1 1 1 1 35 35 35 35 35 35 35 35 35 35 35 1 1 1 1 1 1 1 1 1 1 1 35 35 35 35 35 35 35 35 35 35 35 35 1 1 1 1 1 1 1 1 1 1 1 35 35 35 35 35 35 35 35 35 35 35 1 1 1 1 1 1 1 1 1 1 35 35 35 35 35 35 35 35 35 35 35 1 1 1 1 1 1 1 1 1 1 1 35 35 35 35 35 35 35 35 35 35 1 35 35 35 35 35 35 35 35 35 35 35 35 35 35 35 1 35 35 35 35 35 35 35 35 35 35 35 35 35 35 35 35 35 35 35 35 35 35 35 35 35 35 35 35 35 35 35 35 35 35 35 35 35 35 35 35 35 35 35 35 35 35 35 35 35 35 35 35 35 35 35 35 35 35 35 35 35 35 35 35 35 35 35 35
1 1 1 1 1 1 1 1 1 1 1 1 1 1 35 1 1 1 1 1 35 1 1 1 1 1 1 1 1 1 1 1 1 1 35 35 35 35 35 35 35 35 35 35 35 35 35 35 35 35 35 35 35 35 35 1 1 1 1 1 1 1 1 1 1 1 35 35 35 35 35 35 35 35 35 1 1 1 1 1 1 1 1 1 1 1 1 35 35 35 35 35 35 35 35 35 35 35 1 1 1 1 1 1 1 1 1 1 1 35 35 35 35 35 35 35 35 35 35 35 35 1 1 1 1 1 1 1 1 1 1 1 35 35 35 35 35 35 35 35 35 35 35 1 1 1 1 1 1 1 1 1 1 35 35 35 35 35 35 35 35 35 35 35 1 1 1 1 1 1 1 1 1 1 1 35 35 35 35 35 35 35 35 35 35 1 35 35 35 35 35 35 35 35 35 35 35 35 35 35 35 1 35 35 35 35 35 35 35 35 35 35 35 35 35 35 35 35 35 35 35 35 35 35 35 35 35 35 35 35 35 35 35 35 35 35 35 35 35 35 35 35 35 35 35 35 35 35 35 35 35 35 35 35 35 35 35 35 35 35 35 35 35 35 35 35 35 35 35 35 35 35 35 35 35 35 35 35 35 35 35 35 35 35 35 35 35 35 35 35 35 35 35 35 35 35 35 35 35 35 35 35 35 35 35 35 35 35 35 35 35 35 35 35 35 35 35 35 35 35 35 35 35 35 35 35 35 35 35 35 35 35 35 35 35 35 35 35 35 35 35 35 35 35 35 35 35 35 35 35 35 35 35 35 35 35 35 35 35 35 35 35 35 35 35 35 35 35 35 35 35 35 35 35 35 35 35 35 35 35 35 35 35 35 35 35 35 35 35 35 35 35 35 35 35 35 35 35 35 35 35 35 35 35 35 35 35 35 35 35
35 35 35 35 35 35 35 35 35 35 35 35 35 35 35 35 35 35 35 35 35 35 35 35 35 35 35 35 35 35 35 35 35 35 35 35 35 35 35 35 35 35 35 35 35 35 35 35 35 35 35 35 35 35 35 35 35 35 35 35 35 35 35 35 35 35 35 35 35 35 35 35 35 35 35 35 35 35 35 35 35 35 35 35 35 35 35 35 35 35 35 35 35 35 35 35 35 35 35 35 35 35 35 35 35 35 35 35 35 35 35 35 35 35 35 35 35 35 35 35 35 35 35 35 35 35 35 35 35 35 35 35 35 35 35 35 35 35 35 35 35 35 35 35 35 35 35 35 35 35 35 35 35 35 35 35 35 35 35 35 35 35 35 35 35 35 35 35 35 35 35 35 35 35 35 35 35 35 35 35 35 35 35 35 35 35 35 35 35 35 35 35 35 35 35 35 35 35 35 35 35 35 35 35 35 35 35 35 35 35 35 35 35 35 35 35 35 35 35 35 35 35 35 35 35 35 35 35 35 35 35 35 35 35 35 35 35 35 35 35 35 35 35 35 35 35 35 35 35 35 35 35 35 35 35 35 35 35 35 35 35 35 35 35 35 35 35 35 35 35 35 35 35 35 35 35 35 35 35 35 35 35 35 35 35 35 35 35 35 35 35 35 35 35 35 35 35 35 35 35 35 35 35 35 35 35 35 35 35 35 35 35 35 35 35 35 35 35 35 35 35 35
35 35 35 35 35 35 35 35 35 35 35 35 35 35 35 35 35 35 35 35 35 35 35 35 35 35 35 35 35 35 35 35 35 35 35 35 35 35 35 35 35 35 35 35 35 35 35 35 35 35 35 35 35 35 35 35 35 35 35 35 35 35 35 35 35 35 35 35 35 35 35 35 35 35 35 35 35 35 35 35 35 35 35 35 35 35 35 35 35 35 35 35 35 35 35 35 35 35 35 35 35 35 35 35 35 35 35 35 35 35 35 35 35 35 35 35 35 35 35 35 35 35 35 35 35 35 35 35 35 35 35 35 35 35 35 35 35 35 35 35 35 35 35 35 35 35 35 35 35 35 35 35 35 35 35 35 35 35 35 35 35 35 35 35 35 35 35 35 35 35 35 35 35 35 35 35 35 35 35 35 35 35 35 35 35 35 35 35 35 35 35 35 35 35 35 35 35 35 35 35 35 35 35 35 35 35 35 35 35 35 35 35 35 35 35 35 35 35 35 35 35 35 35 35 35 35 35 35 35 35 35 35 35 35 35 35 35 35 35 35 35 35 35 35 35 35 35 35 35 35 35 35 35 35 35 35 35 35 35 35 35 35 35 35 35 35 35 35 35 35 35 35 35 35 35 35 35 35 35 35 35 35 35 35 35 35 35 35 35 35 35 35 35 35 35 35 35 35 35 35 35 35 35 35 35 35 35 35 35 35 35 35 35 35 35 35 35 35 35 35 35 35 35 35 35 35 35 35 35 35 35 35 35 35 35 35 35 35 35 35 35 35 35 35 35 35 35 35 35 35 35 35 35 35 35 35 35 35 35 35 35 35 35 35 35 35 35 35 35 35 35 35 35 35 35 35
35 35 35 35 35 35 35 35 35 35 35 35 35 35 35 35 35 35 35 35 35 35 35 35 35 35 35 35 35 35 35 35 35 35 35 35 35 35 35 35 35 35 35 35 35 35 35 35 35 35 35 35 35 35 35 35 35 35 35 35 35 35 35 35 35 35 35 35 35 35 35 35 35 35 35 35 35 35 35 35 35 35 35 35 35 35 35 35 35 35 35 35 35 35 35 35 35 35 35 35 35 35 35 35 35 35 35 35 35 35 35 35 35 35 35 35 35 35 35 35 35 35 35 35 35 35 35 35 35 35 35 35 35 35 35 35 35 35 35 35 35 35 35 35 35 35 35 35 35 35 35 35 35 35 35 35 35 35 35 35 35 35 35 35 35 35 35 35 35 35 35 35 35 35 35 35 35 35 35 35 35 35 35 35 35 35 35 35 35 35 35 35 35 35 35 35 35 35 35 35 35 35 35 35 35 35 35 35 35 35 35 35 35 35 35 35 35 35 35 35 35 35 35 35 35 35 35 35 35 35 35 35 35 35 35 35 35 35 35 35 35 35 35 35 35 35 35 35 35 35 35 35 35 35 35 35 35 35 35 35 35 35 35 35 35 35 35 35 35 35 35 35 35 35 35 35 35 35 35 35 35 35 35 35 35 35 35 35 35 35 35 35 35 35 35 35 35 35 35 35 35 35 35 35 35 35 35 35 35 35 35 35 35 35 35 35 35 35 35 35 35 35 35 35 35 35 35 35 35 35 35 35 35 35 35 35 35 35 35 35
35 35 35 35 35 35 35 35 35 35 35 35 35 35 35 35 35 35 35 35 35 35 35 35 35 35 35 35 35 35 35 35 35 35 35 35 35 35 35 35 35 35 35 35 35 35 35 35 35 35 35 35 35 35 35 35 35 35 35 35 35 35 35 35 35 35 35 35 35 35 35 35 35 35 35 35 35 35 35 35 35 35 35 35 35 35 35 35 35 35 35 35 35 35 35 35 35 35 35 35 35 35 35 35 35 35 35 35 35 35 35 35 35 35 35 35 35 35 35 35 35 35 35 35 35 35 35 35 35 35 35 35 35 35 35 35 35 35 35 35 35 35 35 35 35 35 35 35 35 35 35 35 35 35 35 35 35 35 35 35 35 35 35 35 35 35 35 35 35 35 35 35 35 35 35 35 35 35 35 35 35 35 35 35 35 35 35 35 35 35 35 35 35 35 35 35 35 35 35 35 35 35 35 35 35 35 35 35 35 35 35 35 35 35 35 35 35 35 35 35 35 35 35 35 35 35 35 35 35 35 35 35 35 35 35 35 35 35 35 35 35 35 35 35 35 35 35 35 35 35 35 35 35 35 35 35 35 35 35 35 35 35 35 35 35 35 35 35 35 35 35 35 35 35 35 35 35 35 35 35 35 35 35 35 35 35 35 35 35 35 35 35 35 35 35 35 35 35 35 35 35 35 35 35 35 35 35 35 35 35 35 35 35 35 35 35 35 35 35 35 35 35 35 35 35 35 35 35 35 35 35 35 35 35 35 35 35 35 35
35 35 35 35 35 35 35 35 35 35 35 35 35 35 35 35 35 35 35 35 35 35 35 35 35 35 35 35 35 35 35 35 35 35 35 35 35 35 35 35 35 35 35 35 35 35 35 35 35 35 35 35 35 35 35 35 35 35 35 35 35 35 35 35 35 35 35 35 35 35 35 35 35 35 35 35 35 35 35 35 35 35 35 35 35 35 35 35 35 35 35 35 35 35 35 35 35 35 35 35 35 35 35 35 35 35 35 35 35 35 35 35 35 35 35 35 35 35 35 35 35 35 35 35 35 35 35 35 35 35 35 35 35 35 35 35 35 35 35 35 35 35 35 35 35 35 35 35 35 35 35 35 35 35 35 35 35 35 35 35 35 35 35 35 35 35 35 35 35 35 35 35 35 35 35 35 35 35 35 35 35 35 35 35 35 35 35 35 35 35 35 35 35 35 35 35 35 35 35 35 35 35 35 35 35 35 35 35 35 35 35 35 35 35 35 35 35 35 35 35 35 35 35 35 35 35 35 35 35 35 35 35 35 35 35 35 35 35 35 35 35 35 35 35 35 35 35 35 35 35 35 35 35 35 35 35 35 35 35 35 35 35 35 35 35 35 35 35 35 35 35 35 35 35 35 35 35 35 35 35 35 35 35 35 35 35 35 35 35 35 35 35 35 35 35 35 35 35 35 35 35 35 35 35 35 35 35 35 35 35 35 35 35 35 35 35 35 35 35 35 35 35 35 35 35 35 35 35 35 35 35 35 35 35 35 35 35 35 35 35 35 35 35 35 35 35 35 35 35 35 35 35 35
35 35 35 35 35 35 35 35 35 35 35 35 35 35 35 35 35 35 35 35 35 35 35 35 35 35 35 35 35 35 35 35 35 35 35 35 35 35 35 35 35 35 35 35 35 35 35 35 35 35 35 35 35 35 35 35 35 35 35 35 35 35 35 35 35 35 35 35 35 35 35 35 35 35 35 35 35 35 35 35 35 35 35 35 35 35 35 35 35 35 35 35 35 35 35 35 35 35 35 35 35 35 35 35 35 35 35 35 35 35 35 35 35 35 35 35 35 35 35 35 35 35 35 35 35 35 35 35 35 35 35 35 35 35 35 35 35 35 35 35 35 35 35 35 35 35 35 35 35 35 35 35 35 35 35 35 35 35 35 35 35 35 35 35 35 35 35 35 35 35 35 35 35 35 35 35 35 35 35 35 35 35 35 35 35 35 35 35 35 35 35 35 35 35 35 35 35 35 35 35 35 35 35 35 35 35 35 35 35 35 35 35 35 35 35 35 35 35 35 35 35 35 35 35 35 35 35 35 35 35 35 35 35 35 35 35 35 35 35 35 35 35 35 35 35 35 35 35 35 35 35 35 35 35 35 35 35 35 35 35 35 35 35 35 35 35 35 35 35 35 35 35 35 35 35 35 35 35 35 35 35 35 35 35 35 35 35 35 35 35 35 35 35 35 35 35 35 35 35 35 35 35 35 35 35 35 35 35 35 35 35 35 35 35 35 35 35 35 35 35 35 35 35 35 35 35 35 35 35 35 35 35 35 35 35 35 35 35 35 35 35 35 35 35 35 35 35 35 35 35 35 35
35 35 35 35 35 35 35 35 35 35 35 35 35 35 35 35 35 35 35 35 35 35 35 35 35 35 35 35 35 35 35 35 35 35 35 35 35 35 35 35 35 35 35 35 35 35 35 35 35 35 35 35 35 35 35 35 35 35 35 35 35 35 35 35 35 35 35 35 35 35 35 35 35 35 35 35 35 35 35 35 35 35 35 35 35 35 35 35 35 35 35 35 35 35 35 35 35 35 35 35 35 35 35 35 35 35 35 35 35 35 35 35 35 35 35 35 35 35 35 35 35 35 35 35 35 35 35 35 35 35 35 35 35 35 35 35 35 35 35 35 35 35 35 35 35 35 35 35 35 35 35 35 35 35 35 35 35 35 35 35 35 35 35 35 35 35 35 35 35 35 35 35 35 35 35 35 35 35 35 35 35 35 35 35 35 35 35 35 35 35 35 35 35 35 35 35 35 35 35 35 35 35 35 35 35 35 35 35 35 35 35 35 35 35 35 35 35 35 35 35 35 35 35 35 35 35 35 35 35 35 35 35 35 35 35 35 35 35 35 35 35 35 35 35 35 35 35 35 35 35 35 35 35 35 35 35 35 35 35 35 35 35 35 35 35 35 35 35 35 35 35 35 35 35 35 35 35 35 35 35 35 35 35 35 35 35 35 35 35 35 35 35 35 35 35 35 35 35 35 35 35 35 35 35 35 35 35 35 35 35 35 35 35 35 35 35 35 35 35 35 35 35 35 35 35 35 35 35 35 35 35 35 35 35 35 35 35 35 35 35 35 35 35 35 35 35 35 35 35 35 35 35 35 35 35 35 35 35 35 35 35 35 35 35 35 35 35 35 35 35 35 35 35 35 35 35 35 35
35 35 35 35 35 35 35 35 35 35 35 35 35 35 35 35 35 35 35 35 35 35 35 35 35 35 35 35 35 35 35 35 35 35 35 35 35 35 35 35 35 35 35 35 35 35 35 35 35 35 35 35 35 35 35 35 35 35 35 35 35 35 35 35 35 35 35 35 35 35 35 35 35 35 35 35 35 35 35 35 35 35 35 35 35 35 35 35 35 35 35 35 35 35 35 35 35 35 35 35 35 35 35 35 35 35 35 35 35 35 35 35 35 35 35 35 35 35 35 35 35 35 35 35 35 35 35 35 35 35 35 35 35 35 35 35 35 35 35 35 35 35 35 35 35 35 35 35 35 35 35 35 35 35 35 35 35 35 35 35 35 35 35 35 35 35 35 35 35 35 35 35 35 35 35 35 35 35 35 35 35 35 35 35 35 35 35 35 35 35 35 35 35 35 35 35 35 35 35 35 35 35 35 35 35 35 35 35 35 35 35 35 35 35 35 35 35 35 35 35 35 35 35 35 35 35 35 35 35 35 35 35 35 35 35 35 35 35 35 35 35 35 35 35 35 35 35 35 35 35 35 35 35 35 35 35 35 35 35 35 35 35 35 35 35 35 35 35 35 35 35 35 35 35 35 35 35 35 35 35 35 35 35 35 35 35 35 35 35 35 35 35 35 35 35 35 35 35 35 35 35 35 35 35 35 35 35 35 35 35 35 35 35 35 35 35 35 35 35 35 35 35 35 35 35 35 35 35 35 35 35 35 35 35 35 35 35 35 35 35 35 35 35 35 35 35 35 35 35 35 35 35 35 35 35 35 35 35 35 35 35 35 35
35 35 35 35 35 35 35 35 35 35 35 35 35 35 35 35 35 35 35 35 35 35 35 35 35 35 35 35 35 35 35 35 35 35 35 35 35 35 35 35 35 35 35 35 35 35 35 35 35 35 35 35 35 35 35 35 35 35 35 35 35 35 35 35 35 35 35 35 35 35 35 35 35 35 35 35 35 35 35 35 35 35 35 35 35 35 35 35 35 35 35 35 35 35 35 35 35 35 35 35 35 35 35 35 35 35 35 35 35 35 35 35 35 35 35 35 35 35 35 35 35 35 35 35 35 35 35 35 35 35 35 35 35 35 35 35 35 35 35 35 35 35 35 35 35 35 35 35 35 35 35 35 35 35 35 35 35 35 35 35 35 35 35 35 35 35 35 35 35 35 35 35 35 35 35 35 35 35 35 35 35 35 35 35 35 35 35 35 35 35 35 35 35 35 35 35 35 35 35 35 35 35 35 35 35 35 35 35 35 35 35 35 35 35 35 35 35 35 35 35 35 35 35 35 35 35 35 35 35 35 35 35 35 35 35 35 35 35 35 35 35 35 35 35 35 35 35 35 35 35 35 35 35 35 35 35 35 35 35 35 35 35 35 35 35 35 35 35 35 35 35 35 35 35 35 35 35 35 35 35 35 35 35 35 35 35 35 35 35 35 35 35 35 35 35 35 35 35 35 35 35 35 35 35 35 35 35 35 35 35 35 35 35 35 35 35 35 35 35 35 35 35 35 35 35 35 35 35 35 35 35 35 35 35 35 35 35 35 35
35 35 35 35 35 35 35 35 35 35 35 35 35 35 35 35 35 35 35 35 35 35 35 35 35 35 35 35 35 35 35 35 35 35 35 35 35 35 35 35 35 35 35 35 35 35 35 35 35 35 35 35 35 35 35 35 35 35 35 35 35 35 35 35 35 35 35 35 35 35 35 35 35 35 35 35 35 35 35 35 35 35 35 35 35 35 35 35 35 35 35 35 35 35 35 35 35 35 35 35 35 35 35 35 35 35 35 35 35 35 35 35 35 35 35 35 35 35 35 35 35 35 35 35 35 35 35 35 35 35 35 35 35 35 35 35 35 35 35 35 35 35 35 35 35 35 35 35 35 35 35 35 35 35 35 35 35 35 35 35 35 35 35 35 35 35 35 35 35 35 35 35 35 35 35 35 35 35 35 35 35 35 35 35 35 35 35 35 35 35 35 35 35 35 35 35 35 35 35 35 35 35 35 35 35 35 35 35 35 35 35 35 35 35 35 35 35 35 35 35 35 35 35 35 35 35 35 35 35 35 35 35 35 35 35 35 35 35 35 35 35 35 35 35 35 35 35 35 35 35 35 35 35 35 35 35 35 35 35 35 35 35 35 35 35 35 35 35 35 35 35 35 35 35 35 35 35 35 35 35 35 35 35 35 35 35 35 35 35 35 35 35 35 35 35 35 35 35 35 35 35 35 35 35 35 35 35 35 35 35 35 35 35 35 35 35 35 35 35 35 35 35 35 35 35 35 35 35 35 35 35 35 35 35 35 35 35 35 35 35 35 35 35 35 35 35 35 35 35 35 35 35 35 35 35
35 35 35 35 35 35 35 35 35 35 35 35 35 35 35 35 35 35 35 35 35 35 35 35 35 35 35 35 35 35 35 35 35 35 35 35 35 35 35 35 35 35 35 35 35 35 35 35 35 35 35 35 35 35 35 35 35 35 35 35 35 35 35 35 35 35 35 35 35 35 35 35 35 35 35 35 35 35 35 35 35 35 35 35 35 35 35 35 35 35 35 35 35 35 35 35 35 35 35 35 35 35 35 35 35 35 35 35 35 35 35 35 35 35 35 35 35 35 35 35 35 35 35 35 35 35 35 35 35 35 35 35 35 35 35 35 35 35 35 35 35 35 35 35 35 35 35 35 35 35 35 35 35 35 35 35 35 35 35 35 35 35 35 35 35 35 35 35 35 35 35 35 35 35 35 35 35 35 35 35 35 35 35 35 35 35 35 35 35 35 35 35 35 35 35 35 35 35 35 35 35 35 35 35 35 35 35 35 35 35 35 35 35 35 35 35 35 35 35 35 35 35 35 35 35 35 35 35 35 35 35 35 35 35 35 35 35 35 35 35 35 35 35 35 35 35 35 35 35 35 35 35 35 35 35 35 35 35 35 35 35 35 35 35 35 35 35 35 35 35 35 35 35 35 35 35 35 35 35 35 35 35 35 35 35 35 35 35 35 35 35 35 35 35 35 35 35 35 35 35 35 35 35 35 35 35 35 35 35 35 35 35 35 35 35 35 35 35 35 35 35 35 35 35 35 35 35 35 35 35 35 35 35 35 35 35 35 35 35 35 35 35 35 35 35 35 35 35 35 35 35
35 35 35 35 35 35 35 35 35 35 35 35 35 35 35 35 35 35 35 35 35 35 35 35 35 35 35 35 35 35 35 35 35 35 35 35 35 35 35 35 35 35 35 35 35 35 35 35 35 35 35 35 35 35 35 35 35 35 35 35 35 35 35 35 35 35 35 35 35 35 35 35 35 35 35 35 35 35 35 35 35 35 35 35 35 35 35 35 35 35 35 35 35 35 35 35 35 35 35 35 35 35 35 35 35 35 35 35 35 35 35 35 35 35 35 35 35 35 35 35 35 35 35 35 35 35 35 35 35 35 35 35 35 35 35 35 35 35 35 35 35 35 35 35 35 35 35 35 35 35 35 35 35 35 35 35 35 35 35 35 35 35 35 35 35 35 35 35 35 35 35 35 35 35 35 35 35 35 35 35 35 35 35 35 35 35 35 35 35 35 35 35 35 35 35 35 35 35 35 35 35 35 35 35 35 35 35 35 35 35 35 35 35 35 35 35 35 35 35 35 35 35 35 35 35 35 35 35 35 35 35 35 35 35 35 35 35 35 35 35 35 35 35 35 35 35 35 35 35 35 35 35 35 35 35 35 35 35 35 35 35 35 35 35 35 35 35 35 35 35 35 35 35 35 35 35 35 35 35 35 35 35 35 35 35 35 35 35 35 35 35 35 35 35 35 35 35 35 35 35 35 35 35 35 35 35 35 35 35 35 35 35 35 35 35 35 35 35 35 35 35 35 35 35 35 35 35 35 35 35 35 35 35 35 35 35 35 35 35 35 35
35 35 35 35 35 35 35 35 35 35 35 35 35 35 35 35 35 35 35 35 35 35 35 35 35 35 35 35 35 35 35 35 35 35 35 35 35 35 35 35 35 35 35 35 35 35 35 35 35 35 35 35 35 35 35 35 35 35 35 35 35 35 35 35 35 35 35 35 35 35 35 35 35 35 35 35 35 35 35 35 35 35 35 35 35 35 35 35 35 35 35 35 35 35 35 35 35 35 35 35 35 35 35 35 35 35 35 35 35 35 35 35 35 35 35 35 35 35 35 35 35 35 35 35 35 35 35 35 35 35 35 35 35 35 35 35 35 35 35 35 35 35 35 35 35 35 35 35 35 35 35 35 35 35 35 35 35 35 35 35 35 35 35 35 35 35 35 35 35 35 35 35 35 35 35 35 35 35 35 35 35 35 35 35 35 35 35 35 35 35 35 35 35 35 35 35 35 35 35 35 35 35 35 35 35 35 35 35 35 35 35 35 35 35 35 35 35 35 35 35 35 35 35 35 35 35 35 35 35 35 35 35 35 35 35 35 35 35 35 35 35 35 35 35 35 35 35 35 35 35 35 35 35 35 35 35 35 35 35 35 35 35 35 35 35 35 35 35 35 35 35 35 35 35 35 35 35 35 35 35 35 35 35 35 35 35 35 35 35 35 35 35 35 35 35 35 35 35 35 35 35 35 35 35 35 35 35 35 35 35 35 35 35 35 35 35 35 35 35 35 35 35 35 35 35 35 35 35 35 35 35 35 35 35 35 35 35 35 35 35 35 35 35 35 35 35 35 35 35 35 35 35 35 35 35 35 35 35 35 35 35 35 35 35 35 35 35 35 35 35 35 35 35 35 35 35
35 35 35 35 35 35 35 35 35 35 35 35 35 35 35 35 35 35 35 35 35 35 35 35 35 35 35 35 35 35 35 35 35 35 35 35 35 35 35 35 35 35 35 35 35 35 35 35 35 35 35 35 35 35 35 35 35 35 35 35 35 35 35 35 35 35 35 35 35 35 35 35 35 35 35 35 35 35 35 35 35 35 35 35 35 35 35 35 35 35 35 35 35 35 35 35 35 35 35 35 35 35 35 35 35 35 35 35 35 35 35 35 35 35 35 35 35 35 35 35 35 35 35 35 35 35 35 35 35 35 35 35 35 35 35 35 35 35 35 35 35 35 35 35 35 35 35 35 35 35 35 35 35 35 35 35 35 35 35 35 35 35 35 35 35 35 35 35 35 35 35 35 35 35 35 35 35 35 35 35 35 35 35 35 35 35 35 35 35 35 35 35 35 35 35 35 35 35 35 35 35 35 35 35 35 35 35 35 35 35 35 35 35 35 35 35 35 35 35 35 35 35 35 35 35 35 35 35 35 35 35 35 35 35 35 35 35 35 35 35 35 35 35 35 35 35 35 35 35 35 35 35 35 35 35 35 35 35 35 35 35 35 35 35 35 35 35 35 35 35 35 35 35 35 35 35 35 35 35 35 35 35 35 35 35 35 35 35 35 35 35 35 35 35 35 35 35 35 35 35 35 35 35 35 35 35 35 35 35 35 35 35 35 35 35 35 35 35 35 35 35 35 35 35 35 35 35 35 35 35 35 35 35 35 35 35 35 35 35 35 35 35 35 35 35 35 35 35 35 35 35 35 35 35 35 35 35 35 35 35 35 35 35 35 35 35 35 35 35 35 35 35 35 35 35 35 35 35 35 35 35 35 35 35 35 35 35 35
35 35 35 35 35 35 35 35 35 35 35 35 35 35 35 35 35 35 35 35 35 35 35 35 35 35 35 35 35 35 35 35 35 35 35 35 35 35 35 35 35 35 35 35 35 35 35 35 35 35 35 35 35 35 35 35 35 35 35 35 35 35 35 35 35 35 35 35 35 35 35 35 35 35 35 35 35 35 35 35 35 35 35 35 35 35 35 35 35 35 35 35 35 35 35 35 35 35 35 35 35 35 35 35 35 35 35 35 35 35 35 35 35 35 35 35 35 35 35 35 35 35 35 35 35 35 35 35 35 35 35 35 35 35 35 35 35 35 35 35 35 35 35 35 35 35 35 35 35 35 35 35 35 35 35 35 35 35 35 35 35 35 35 35 35 35 35 35 35 35 35 35 35 35 35 35 35 35 35 35 35 35 35 35 35 35 35 35 35 35 35 35 35 35 35 35 35 35 35 35 35 35 35 35 35 35 35 35 35 35 35 35 35 35 35 35 35 35 35 35 35 35 35 35 35 35 35 35 35 35 35 35 35 35 35 35 35 35 35 35 35 35 35 35 35 35 35 35 35 35 35 35 35 35 35 35 35 35 35 35 35 35 35 35 35 35 35 35 35 35 35 35 35 35 35 35 35 35 35 35 35 35 35 35 35 35 35 35 35 35 35 35 35 35 35 35 35 35 35 35 35 35 35 35 35 35 35 35 35 35 35 35 35 35 35 35 35 35 35 35 35 35 35 35 35 35 35 35 35 35 35 35 35 35 35 35 35 35 35 35 35 35 35 35 35 35 35 35 35 35 35 35 35 35 35 35 35 35 35 35 35 35 35 35 35 35 35 35 35 35 35 35
35 35 35 35 35 35 35 35 35 35 35 35 35 35 35 35 35 35 35 35 35 35 35 35 35 35 35 35 35 35 35 35 35 35 35 35 35 35 35 35 35 35 35 35 35 35 35 35 35 35 35 35 35 35 35 35 35 35 35 35 35 35 35 35 35 35 35 35 35 35 35 35 35 35 35 35 35 35 35 35 35 35 35 35 35 35 35 35 35 35 35 35 35 35 35 35 35 35 35 35 35 35 35 35 35 35 35 35 35 35 35 35 35 35 35 35 35 35 35 35 35 35 35 35 35 35 35 35 35 35 35 35 35 35 35 35 35 35 35 35 35 35 35 35 35 35 35 35 35 35 35 35 35 35 35 35 35 35 35 35 35 35 35 35 35 35 35 35 35 35 35 35 35 35 35 35 35 35 35 35 35 35 35 35 35 35 35 35 35 35 35 35 35 35 35 35 35 35 35 35 35 35 35 35 35 35 35 35 35 35 35 35 35 35 35 35 35 35 35 35 35 35 35 35 35 35 35 35 35 35 35 35 35 35 35 35 35 35 35 35 35 35 35 35 35 35 35 35 35 35 35 35 35 35 35 35 35 35 35 35 35 35 35 35 35 35 35 35 35 35 35 35 35 35 35 35 35 35 35 35 35 35 35 35 35 35 35 35 35 35 35 35 35 35 35 35 35 35 35 35 35 35 35 35 35 35 35 35 35 35 35 35 35 35 35 35 35 35 35 35 35 35 35 35 35 35 35 35 35 35 35 35 35 35 35 35 35 35 35 35 35 35 35 35 35 35 35 35 35 35 35 35 35 35 35 35 35 35 35 35 35 35 35 35 35 35 35
35 35 35 35 35 35 35 35 35 35 35 35 35 35 35 35 35 35 35 35 35 35 35 35 35 35 35 35 35 35 35 35 35 35 35 35 35 35 35 35 35 35 35 35 35 35 35 35 35 35 35 35 35 35 35 35 35 35 35 35 35 35 35 35 35 35 35 35 35 35 35 35 35 35 35 35 35 35 35 35 35 35 35 35 35 35 35 35 35 35 35 35 35 35 35 35 35 35 35 35 35 35 35 35 35 35 35 35 35 35 35 35 35 35 35 35 35 35 35 35 35 35 35 35 35 35 35 35 35 35 35 35 35 35 35 35 35 35 35 35 35 35 35 35 35 35 35 35 35 35 35 35 35 35 35 35 35 35 35 35 35 35 35 35 35 35 35 35 35 35 35 35 35 35 35 35 35 35 35 35 35 35 35 35 35 35 35 35 35 35 35 35 35 35 35 35 35 35 35 35 35 35 35 35 35 35 35 35 35 35 35 35 35 35 35 35 35 35 35 35 35 35 35 35 35 35 35 35 35 35 35 35 35 35 35 35 35 35 35 35 35 35 35 35 35 35 35 35 35 35 35 35 35 35 35 35 35 35 35 35 35 35 35 35 35 35 35 35 35 35 35 35 35 35 35 35 35 35 35 35 35 35 35 35 35 35 35 35 35 35 35 35 35 35 35 35 35 35 35 35 35 35 35 35 35 35 35 35 35 35 35 35 35 35 35 35 35 35 35 35 35 35 35 35 35 35 35 35 35 35 35 35 35 35 35 35 35 35 35 35 35 35 35 35 35 35 35 35 35 35 35 35 35 35
35 35 35 35 35 35 35 35 35 35 35 35 35 35 35 35 35 35 35 35 35 35 35 35 35 35 35 35 35 35 35 35 35 35 35 35 35 35 35 35 35 35 35 35 35 35 35 35 35 35 35 35 35 35 35 35 35 35 35 35 35 35 35 35 35 35 35 35 35 35 35 35 35 35 35 35 35 35 35 35 35 35 35 35 35 35 35 35 35 35 35 35 35 35 35 35 35 35 35 35 35 35 35 35 35 35 35 35 35 35 35 35 35 35 35 35 35 35 35 35 35 35 35 35 35 35 35 35 35 35 35 35 35 35 35 35 35 35 35 35 35 35 35 35 35 35 35 35 35 35 35 35 35 35 35 35 35 35 35 35 35 35 35 35 35 35 35 35 35 35 35 35 35 35 35 35 35 35 35 35 35 35 35 35 35 35 35 35 35 35 35 35 35 35 35 35 35 35 35 35 35 35 35 35 35 35 35 35 35 35 35 35 35 35 35 35 35 35 35 35 35 35 35 35 35 35 35 35 35 35 35 35 35 35 35 35 35 35 35 35 35 35 35 35 35 35 35 35 35 35 35 35 35 35 35 35 35 35 35 35 35 35 35 35 35 35 35 35 35 35 35 35 35 35 35 35 35 35 35 35 35 35 35 35 35 35 35 35 35 35 35 35 35 35 35 35 35 35 35 35 35 35 35 35 35 35 35 35 35 35 35 35 35 35 35 35 35 35 35 35 35 35 35 35 35 35 35 35 35 35 35 35 35
35 35 35 35 35 35 35 35 35 35 35 35 35 35 35 35 35 35 35 35 35 35 35 35 35 35 35 35 35 35 35 35 35 35 35 35 35 35 35 35 35 35 35 35 35 35 35 35 35 35 35 35 35 35 35 35 35 35 35 35 35 35 35 35 35 35 35 35 35 35 35 35 35 35 35 35 35 35 35 35 35 35 35 35 35 35 35 35 35 35 35 35 35 35 35 35 35 35 35 35 35 35 35 35 35 35 35 35 35 35 35 35 35 35 35 35 35 35 35 35 35 35 35 35 35
1 1 1 1 1 1 1 1 1 1
1 1 1 1 1 1 1 1 1 1 1 1 1 1 1 1 1 1 1 1 1 1 1 1 1 1 1 1 1 1 18 1 1 2 26 18 18 10 18 26 10 10 10 26 18 26 18 26 18 18 18 18 26 10 18 1 1 1 1 1 1 1 1 1 1 1 1 10 10 2 26 2 10 10 18 2 1 1 1 1 1 1 1 1 1 10 1 1 18 26 18 2 2 26 26 26 26 26 2 18 1 1 1 1 1 1 1 1 1 10 2 2 10 18 26 18 2 2 26 1 1 1 1 1 1 1 1 1 1 1 26 18 2 26 2 18 2 10 26 1 1 1 1 1 1 1 1 1 1 1 1 1 26 10 2 18 2 10 2 10 18 10 18 18 2 1 1 1 1 1 1 1 1 1 1 18 18 10 18 26 2 10 18 10 2 18 1 10 18 2 10 26 10 26 18 2 10 1 18 10 1 1 1 1 1 1 1 1 1 1 1 1 1 1 1 1 1 1 1 1 1 1 18 26 10 26 2 10 2 18 26 18 1 1 1 1 1 1 1 1 1 1 2 10 26 18 18 26 2 2 10 18 2 10 2 1 1 1 1 1 1 1 1 1 1 1 10 10 10 18 2 10 18 10 10 26 18 18 10 26 2 1 1 1 1 1 1 1 1 1 1 1 1 2 18 26 2 18 2 2 18 2 18 2 10 2 1 1 1 1 1 1 1 1 1 1 1 18 2 18 26 18 18 26 10 26 26 2 18 10 26 10 10 1 1 1 1 1 1 1 1 1 1 1 26 10 26 26 2 2 26 26 26 2 2 26 18 1 1 1 1 1 1 1 1 1 1 1 18 26 2 2 2 10 2 18 26 10 18 18 2 26 26 1 1 1 1 1 1 1 1 1 1 1 18 10 26 10 18 18 10 18 10 10 18 18 18 26 18 2 18 10 1 26 2 26 2 2 10 10 2 10 18 2 26 2 26 18 26 2 18 2 18 18 18 2 2 26 18 10 10 2 26 2 2 26 10 2 2 10 10 26 26 10 26 26 18 2 18 2 18 10 2 10 2 26 2 2 10 10 18 26 26 2 26 26 2 10 10 26 10 2 10 2 26 2 2 26 10 18 26 10 10 18 2 2 18 18 2 2 2 26 2 26 2 18 26 10 2 2 18 10 10 10 2 2 1 1 1 1 1 1 1 1 1 1 1 2 26 10 10 18 10 2 2 2 10 10 2 26 18 26 18 26 26 2 26 10 26 2 26 10 26 10 1 1 1 1 1 1 1 1 1 1 1 18 10 2 2 2 26 2 10 18 26 18 10 10 18 2 10 2 18 26 1 1 1 1 1 1 1 1 1 1 1 18 2 26 26 18 2 10 2 10 2 26 26 10 26 10 26 2 26 26 2 26 18 2 26 2 18 18 2 2 18 2 2 18 2 2 10 26 26 26 18 10 2 10 26 2 26 18 26 1 1 1 1 1 1 1 1 1 1 1 1 2 26 2 26 26 2 2 2 18 10 10 18 10 18 10 18 2 18 2 10 2 26 26 10
10 18 2 2 10 2 10 18 2 18 10 26 26 10 10 10 10 10 10 10 18 10 26 18 18 10 2 2 2 10 26 18 18 18 26 10
1 1 1 1 1 9 16 16 9 25 1 1 1 1 1 9 16 16 25 31 9 16 16 16 31 1 1 1 1 1 16 9 9 16 16 16 9 9 16 16 16 31 1 1 1 1 1 9 9 16 9
1 1 1 1 1 9 16 16 9 25 1 1 1 1 1 9 16 16 25 31 9 16 16 16 31 1 1 1 1 1 16 9 9 16 16 16 9 9 16 16 16 31 1 1 1 1 1 9 9 16 9 25 25 9 16 25 31 16 16 16 31 16 1 1 1 1 1 9 16 16 16 31 16 16 16 25 16 16 16 25 16 16 25 16 16 1 1 1 1 1 9 16 16 16 25 31 16 25 16 25 16 9 16 16 31 25 9 16 9 25 16 1 1 1 1 1 9 16 16
25 25 9 16 25 31 16 16 16 31 16 1 1 1 1 1 9 16 16 16 31 16 16 16 25 16 16 16 25 16 16 25 16 16 1 1 1 1 1 9 16 16 16 25 31 16 25 16 25 16 9 16 16 31 25 9 16 9 25 16 1 1 1 1 1 9 16 16 16 9 16 16 31 9 25 9 16 31 9 16 25 9 16 16 9 16 9 9 16 1 1 1 1 1 9 9 9 16 16 31 16 16 16 25 31 25 16 16 25 25 25 9 16 16 31 9 25 9 9 31 9 16 16 31 16 1 1 1 1 1 16 16 16 16 9 25 25 16 9 9 16 16 9 25 25 16 25 9 16 9 31 9 9 16 25 9 25 9 16 9 25 25 9 9 31 1 1 1 1 1 9 16 16 16 16 16 25 9 25 16 16 25 16 9 31 16 16 9 9 25 16 16 31 9 16 9 16 9 16 25 25 9
16 9 16 16 31 9 25 9 16 31 9 16 25 9 16 16 9 16 9 9 16 1 1 1 1 1 9 9 9 16 16 31 16 16 16 25 31 25 16 16 25 25 25 9 16 16 31 9 25 9 9 31 9 16 16 31 16 1 1 1 1 1 16 16 16 16 9 25 25 16 9 9 16 16 9 25 25 16 25 9 16 9 31 9 9 16 25 9 25 9 16 9 25 25 9 9 31 1 1 1 1 1 9 16 16 16 16 16 25 9 25 16 16 25 16 9 31 16 16 9 9 25 16 16 31 9 16 9 16 9 16 25 25 9 16 9 16 9 16 16 31 16 25 25 25 16 9 16 9 9 9 16 16 9 25 9 16 25 25 16 9 16 25 16 25 16 25 16 16 25 25 31 16 31 9 16 16 25 16 16 16 16 16 25 9 16 16 16 16 9 16 25 16 16 16 31 16 16 16 9 9 16 9 9 16 25 25 16 9 16 9 25 31 16 25 16 25 16 9 9 16 9 16 16 16 16 16 16 16 16 9 9 25 16
16 9 16 9 16 16 31 16 25 25 25 16 9 16 9 9 9 16 16 9 25 9 16 25 25 16 9 16 25 16 25 16 25 16 16 25 25 31 16 31 9 16 16 25 16 16 16 16 16 25 9 16 16 16 16 9 16 25 16 16 16 31 16 16 16 9 9 16 9 9 16 25 25 16 9 16 9 25 31 16 25 16 25 16 9 9 16 9 16 16 16 16 16 16 16 16 9 9 25 16 16 31 9 25 16 9 25 16 16 16 25 31 16 16 16 16 25 16 16 25 16 31 9 16 25 25 16 16 9 16 31 9 16 16 16 16 9 16 9 9 25 9 31 16 16 25 16 16 31 31 16 31 16 9 31 16 16 25 9 9 16 16 9 16 9 9 16 31 16 31 16 16 31 16 31 16 16 25 16 16 25 16 31 31 16 16 16 16 16 9 16 9 16 16 16 16 25 16 25 16 16 16 16 9 16 16 25 16 25 16 16 16 9 16 9 16 25 16 16 16 16 16 16 16 16 25
9 16 31 9 16 16 16 16 9 16 9 9 25 9 31 16 16 25 16 16 31 31 16 31 16 9 31 16 16 25 9 9 16 16 9 16 9 9 16 31 16 31 16 16 31 16 31 16 16 25 16 16 25 16 31 31 16 16 16 16 16 9 16 9 16 16 16 16 25 16 25 16 16 16 16 9 16 16 25 16 25 16 16 16 9 16 9 16 25 16 16 16 16 16 16 16 16 25 9 16 16 31 9 9 25 16 9 9 9 16 16 16 25 16 25 31 31 31 25 16 31 16 9 31 9 9 9 16 16 25 16 16 9 16 25 16 16 16 16 16 31 16 25 16 16 16 16 9 16 9 16 9 25 16 9 16 16 16 16 16 9 16 16 9 9 25 9 16 16 16 16 9 16 16 16 9 9 16 16 25 31 25 31 25 25 16 9 31 9 9 16 9 25 16 16 31 16 16 16 9 16 9 16 16 25 9 16 9 31 16 16 25 9 9 16 9 25 9 9 16 16 9 16 16 16 16 25
9 16 16 31 9 9 25 16 9 9 9 16 16 16 25 16 25 31 31 31 25 16 31 16 9 31 9 9 9 16 16 25 16 16 9 16 25 16 16 16 16 16 31 16 25 16 16 16 16 9 16 9 16 9 25 16 9 16 16 16 16 16 9 16 16 9 9 25 9 16 16 16 16 9 16 16 16 9 9 16 16 25 31 25 31 25 25 16 9 31 9 9 16 9 25 16 16 31 16 16 16 9 16 9 16 16 25 9 16 9 31 16 16 25 9 9 16 9 25 9 9 16 16 9 16 16 16 16 25 16 16 16 9 16 31 25 16 9 9 16 9 9 31 16 16 16 16 16 16 16 9 16 16 16 16 16 25 25 16 9 16 16 16 16 16 25 25 16 16 9 16 16 9 16 16 25 31 25 25 9 16 16 16 9 16 16 9 9 16 9 31 9 25 16 9 16 16 16 31 25 31 16 31 16 16 16 25 9 16 16 16 16 16 16 9 25 16 31 16 16 16 9 16 16 9 16 9 16 31
16 16 16 9 16 31 25 16 9 9 16 9 9 31 16 16 16 16 16 16 16 9 16 16 16 16 16 25 25 16 9 16 16 16 16 16 25 25 16 16 9 16 16 9 16 16 25 31 25 25 9 16 16 16 9 16 16 9 9 16 9 31 9 25 16 9 16 16 16 31 25 31 16 31 16 16 16 25 9 16 16 16 16 16 16 9 25 16 31 16 16 16 9 16 16 9 16 9 16 31 16 16 16 16 25 31 9 16 16 31 16 16 31 16 25 16 9 9 9 16 31 16 16 16 25 16 16 31 9 16 16 9 9 16 16 25 25 16 9 16 9 16 9 9 16 9 16 31 9 16 16 31 16 25 16 25 9 16 16 16 16 16 16 16 9 25 31 16 16 16 16 31 25 16 25 16 16 9 16 16 31 16 9 25 9 16 16 16 9 16 16 16 9 16 9 16 9 9 31 16 16 16 16 16 25 16 25 16 9 25 16 9 16 9 16 9 9 9 25 9 16 31 16 16 16 25 25 16 25 16 16 16 16
16 16 16 16 25 31 9 16 16 31 16 16 31 16 25 16 9 9 9 16 31 16 16 16 25 16 16 31 9 16 16 9 9 16 16 25 25 16 9 16 9 16 9 9 16 9 16 31 9 16 16 31 16 25 16 25 9 16 16 16 16 16 16 16 9 25 31 16 16 16 16 31 25 16 25 16 16 9 16 16 31 16 9 25 9 16 16 16 9 16 16 16 9 16 9 16 9 9 31 16 16 16 16 16 25 16 25 16 9 25 16 9 16 9 16 9 9 9 25 9 16 31 16 16 16 25 25 16 25 16 16 16 16 16 9 16 25 16 25 9 16 16 16 16 25 16 31 16 16 16 9 16 25 9 16 9 9 16 25 16 9 9 16 16 16 16 9 16 16 16 25 9 16 16 31 16 16 9 25 9 25 16 25 25 16 31 9 16 9 16 16 16 16 16 31 16 9 16 25 16 16 16 16 31 16 16 16 9 16 16 16 16 25 9 31 9 16 16 9 16 16 16 16 16 9 9 16 9
16 9 16 25 16 25 9 16 16 16 16 25 16 31 16 16 16 9 16 25 9 16 9 9 16 25 16 9 9 16 16 16 16 9 16 16 16 25 9 16 16 31 16 16 9 25 9 25 16 25 25 16 31 9 16 9 16 16 16 16 16 31 16 9 16 25 16 16 16 16 31 16 16 16 9 16 16 16 16 25 9 31 9 16 16 9 16 16 16 16 16 9 9 16 9 16 16 25 25 16 25 16 16 16 25 16 9 25 25 16 9 25 16 16 25 9 16 16 16 16 16 9 16 9 16 25 25 31 16 25 9 31 16 31 25 16 16 16 9 31 16 16 9 9 16 16 9 25 25 16 9 16 9 25 9 25 9 9 9 16 9 25 16 16 16 25 16 9 31 16 16 16 9 16 9 16 16 16 16 16 25 16 16 16 16 16 16 25 16 31 16 31 16 16 16 16 16 16 16 16 16 16 25 25 31 31 16 16 16 16 16 16 9 16 16 16 16 25 31 16 16 16 9 31 9 16 16 9
16 25 9 31 16 31 25 16 16 16 9 31 16 16 9 9 16 16 9 25 25 16 9 16 9 25 9 25 9 9 9 16 9 25 16 16 16 25 16 9 31 16 16 16 9 16 9 16 16 16 16 16 25 16 16 16 16 16 16 25 16 31 16 31 16 16 16 16 16 16 16 16 16 16 25 25 31 31 16 16 16 16 16 16 9 16 16 16 16 25 31 16 16 16 9 31 9 16 16 9 16 25 9 9 9 9 16 16 16 31 16 31 16 16 16 25 25 16 9 9 31 9 9 9 25 31 16 25 9 9 9 31 16 9 25 31 16 16 16 31 25 31 16 16 16 9 31 9 16 16 16 9 16 16 16 16 16 16 16 16 31 31 16 9 31 16 9 16 16 9 16 9 16 16 9 16 16 16 16 9 25 16 16 25 25 16 16 16 16 25 9 25 16 16 9 16 25 16 16 9 9 25 16 25 16 25 31 16 31 16 9 25 16 16 16 25 16 16 9 25 16 9 16 31 16 9 16 9 9 9 25 16 9
16 25 9 9 9 9 16 16 16 31 16 31 16 16 16 25 25 16 9 9 31 9 9 9 25 31 16 25 9 9 9 31 16 9 25 31 16 16 16 31 25 31 16 16 16 9 31 9 16 16 16 9 16 16 16 16 16 16 16 16 31 31 16 9 31 16 9 16 16 9 16 9 16 16 9 16 16 16 16 9 25 16 16 25 25 16 16 16 16 25 9 25 16 16 9 16 25 16 16 9 9 25 16 25 16 25 31 16 31 16 9 25 16 16 16 25 16 16 9 25 16 9 16 31 16 9 16 9 9 9 25 16 9 25 9 9 16 9 9 16 16 31 9 16 16 31 16 16 9 16 16 9 16 9 16 9 9 25 16 16 9 16 31 16 16 16 16 25 9 16 16 25 16 9 9 31 16 9 25 16 31 25 31 16 16 25 16 9 16 16 16 16 31 16 25 25 25 16 25 16 16 16 9 16 16 9 9 25 9 16 9 16 16 9 16 25 25 9 9 31 9 16 16 16 16 16 9 16 31 16 31 16 16 9 9
25 9 9 16 9 9 16 16 31 9 16 16 31 16 16 9 16 16 9 16 9 16 9 9 25 16 16 9 16 31 16 16 16 16 25 9 16 16 25 16 9 9 31 16 9 25 16 31 25 31 16 16 25 16 9 16 16 16 16 31 16 25 25 25 16 25 16 16 16 9 16 16 9 9 25 9 16 9 16 16 9 16 25 25 9 9 31 9 16 16 16 16 16 9 16 31 16 31 16 16 9 9 25 16 16 25 16 16 16 9 16 25 16 16 16 9 16 16 16 16 9 31 25 16 16 16 16 16 16 9 9 16 16 16 9 25 16 9 9 9 16 9 25 16 16 9 16 25 25 16 25 9 16 25 16 16 16 9 16 9 16 16 16 25 9 9 9 9 9 16 25 16 31 31 25 9 16 9 9 16 25 16 25 16 16 16 16 16 16 25 9 9 16 16 9 16 9 16 16 16 16 16 9 16 31 16 16 16 9 25 16 9 9 16 9 16 16 16 25 16 9 9 16 9 16 9 25 9 9
25 16 16 25 16 16 16 9 16 25 16 16 16 9 16 16 16 16 9 31 25 16 16 16 16 16 16 9 9 16 16 16 9 25 16 9 9 9 16 9 25 16 16 9 16 25 25 16 25 9 16 25 16 16 16 9 16 9 16 16 16 25 9 9 9 9 9 16 25 16 31 31 25 9 16 9 9 16 25 16 25 16 16 16 16 16 16 25 9 9 16 16 9 16 9 16 16 16 16 16 9 16 31 16 16 16 9 25 16 9 9 16 9 16 16 16 25 16 9 9 16 9 16 9 25 9 9 9 9 25 9 16 25 16 16 16 9 16 25 16 31 9 16 9 9 16 25 16 25 9 25 16 16 9 16 31 16 9 16 9 31 25 16 9 16 25 16 16 16 16 25 9 25 31 16 16 16 9 16 9 9 25 25 16 16 16 31 16 9 9 16 16 16 9 16 25 31 16 25 16 25 16 9 16 31 16 16 9 9 9 9 16 16 9 31 25 16 16 9 16 16 16 9 16 16
9 9 25 9 16 25 16 16 16 9 16 25 16 31 9 16 9 9 16 25 16 25 9 25 16 16 9 16 31 16 9 16 9 31 25 16 9 16 25 16 16 16 16 25 9 25 31 16 16 16 9 16 9 9 25 25 16 16 16 31 16 9 9 16 16 16 9 16 25 31 16 25 16 25 16 9 16 31 16 16 9 9 9 9 16 16 9 31 25 16 16 9 16 16 16 9 16 16 16 16 16 16 16 16 31 16 16 16 25 16 16 9 25 16 16 9 31 9 25 16 9 16 25 16 16 31 31 16 25 9 16 16 16 25 16 31 16 25 16 16 9 25 16 25 9 16 16 25 16 16 31 16 16 16 16 16 16 16 16 16 9 16 9 16 16 16 9 16 16 25 9 16 9 9 16 25 9 16 9 16 16 16 16 16 25 16 16 16 16 16 9 9 25 9 25 16 16 16 9 16 25 31 9 16 9 16 16 9 25 16 16 9 25 16 16 16 16 16 16 9 16 16 16 16 16 25 9 16 16 16 16 9 9
16 16 31 31 16 25 9 16 16 16 25 16 31 16 25 16 16 9 25 16 25 9 16 16 25 16 16 31 16 16 16 16 16 16 16 16 16 9 16 9 16 16 16 9 16 16 25 9 16 9 9 16 25 9 16 9 16 16 16 16 16 25 16 16 16 16 16 9 9 25 9 25 16 16 16 9 16 25 31 9 16 9 16 16 9 25 16 16 9 25 16 16 16 16 16 16 9 16 16 16 16 16 25 9 16 16 16 16 9 9 31 16 16 16 9 16 16 16 16 16 16 9 9 16 16 31 25 16 31 16 16 16 25 9 16 16 9 25 25 9 31 16 31 9 16 25 25 16 16 9 16 25 9 9 16 16 16 9 25 16 16 25 9 16 16 25 31 16 9 31 16 16 31 16 9 31 25 16 16 16 16 16 31 16 9 16 9 9 31 31 31 9 9 25 16 25 16 25 31 9 25 9 16 16 16 9 16 16 25 16 9 31 16 16 25 16 16 16 9 16 25 31 31 16 16 25 9 16 25 9 16 31 16 16 9 31 25 31 16 16 16 16
31 16 16 16 9 16 16 16 16 16 16 9 9 16 16 31 25 16 31 16 16 16 25 9 16 16 9 25 25 9 31 16 31 9 16 25 25 16 16 9 16 25 9 9 16 16 16 9 25 16 16 25 9 16 16 25 31 16 9 31 16 16 31 16 9 31 25 16 16 16 16 16 31 16 9 16 9 9 31 31 31 9 9 25 16 25 16 25 31 9 25 9 16 16 16 9 16 16 25 16 9 31 16 16 25 16 16 16 9 16 25 31 31 16 16 25 9 16 25 9 16 31 16 16 9 31 25 31 16 16 16 16 9 31 16 16 9 16 16 9 31 16 16 25 31 9 16 16 31 25 9 31 31 31 9 9 9 9 9 25 16 9 16 16 25 16 31 9 9 16 25 25 16 16 9 31 31 16 9 16 16 9 16 9 16 25 16 9 16 25 16 9 16 25 9 9 31 9 9 31 9 16 16 16 16 16 25 16 16 16 16 16 31 9 25 9 31 16 16 31 16 16 9 16 31 16 16 31 16 16 16 16
9 31 16 16 9 16 16 9 31 16 16 25 31 9 16 16 31 25 9 31 31 31 9 9 9 9 9 25 16 9 16 16 25 16 31 9 9 16 25 25 16 16 9 31 31 16 9 16 16 9 16 9 16 25 16 9 16 25 16 9 16 25 9 9 31 9 9 31 9 16 16 16 16 16 25 16 16 16 16 16 31 9 25 9 31 16 16 31 16 16 9 16 31 16 16 31 16 16 16 16 16 16 9 9 16 9 9 31 25 16 25 9 25 16 25 16 9 16 16 16 16 16 9 9 9 16 16 9 25 16 16 16 16 9 9 16 16 9 9 16 16 25 16 16 16 16 9 25 16 16 25 16 16 16 16 16 25 25 9 16 16 16 25 25 9 16 16 16 25 9 25 25 25 25 16 25 16 9 25 16 9 16 16 16 31 25 9 31 31 16 16 31 25 16 16 16 16 16 16 16 16 25 16 9 16 31 16 16 25 16 16 31 25 9 9 16 16 9 16 16 16 9 16 16 9 16 9 25 9 9
16 16 9 9 16 9 9 31 25 16 25 9 25 16 25 16 9 16 16 16 16 16 9 9 9 16 16 9 25 16 16 16 16 9 9 16 16 9 9 16 16 25 16 16 16 16 9 25 16 16 25 16 16 16 16 16 25 25 9 16 16 16 25 25 9 16 16 16 25 9 25 25 25 25 16 25 16 9 25 16 9 16 16 16 31 25 9 31 31 16 16 31 25 16 16 16 16 16 16 16 16 25 16 9 16 31 16 16 25 16 16 31 25 9 9 16 16 9 16 16 16 9 16 16 9 16 9 25 9 9 25 25 9 16 9 25 31 16 16 25 9 16 16 25 9 16 9 25 16 16 9 9 25 9 31 16 25 16 16 31 16 16 9 16 9 16 25 9 16 9 31 25 25 16 16 16 9 31 16 31 9 16 31 16 25 9 16 25 16 31 16 16 9 9 9 16 16 31 9 25 16 25 9 16 16 9 9 25 25 16 16 31 9 9 16 16 16 16 16 16 9 16 9 16 25 9 9 16
25 25 9 16 9 25 31 16 16 25 9 16 16 25 9 16 9 25 16 16 9 9 25 9 31 16 25 16 16 31 16 16 9 16 9 16 25 9 16 9 31 25 25 16 16 16 9 31 16 31 9 16 31 16 25 9 16 25 16 31 16 16 9 9 9 16 16 31 9 25 16 25 9 16 16 9 9 25 25 16 16 31 9 9 16 16 16 16 16 16 9 16 9 16 25 9 9 16 9 9 25 31 16 16 9 16 16 31 31 16 9 9 16 9 9 25 9 16 9 16 16 16 31 31 9 9 31 16 16 25 25 16 9 31 9 9 9 9 31 16 16 25 16 9 16 16 31 9 16 16 16 25 16 9 9 16 16 16 9 16 16 9 25 9 9 9 16 31 16 9 16 31 9 16 25 9 16 9 9 9 9 9 25 9 9 16 9 16 25 16 9 31 16 16 31 16 31 9 9 16 25 9 9 9 16 16 16 25 25 16 16 16 25 16 16 16 16 9 31 25 25 9 9
25 25 16 9 31 9 9 9 9 31 16 16 25 16 9 16 16 31 9 16 16 16 25 16 9 9 16 16 16 9 16 16 9 25 9 9 9 16 31 16 9 16 31 9 16 25 9 16 9 9 9 9 9 25 9 9 16 9 16 25 16 9 31 16 16 31 16 31 9 9 16 25 9 9 9 16 16 16 25 25 16 16 16 25 16 16 16 16 9 31 25 25 9 9 16 25 25 16 16 9 16 31 16 31 31 25 9 16 9 25 9 16 16 25 9 9 9 16 16 9 16 9 25 16 16 9 25 16 16 25 31 25 16 9 25 9 9 25 25 16 16 16 31 16 16 16 31 16 16 25 16 16 16 31 25 25 16 16 9 16 9 9 16 9 25 16 16 25 9 9 16 16 16 16 25 9 31 9 16 9 9 31 16 25 9 31 16 31 16 31 16 16 16 16 31 16 9 16 9 25 16 16 25 25 9 25 9 16 16 16 16 16 9 25 25 16 9 9 31 16 16 9 16
16 25 25 16 16 9 16 31 16 31 31 25 9 16 9 25 9 16 16 25 9 9 9 16 16 9 16 9 25 16 16 9 25 16 16 25 31 25 16 9 25 9 9 25 25 16 16 16 31 16 16 16 31 16 16 25 16 16 16 31 25 25 16 16 9 16 9 9 16 9 25 16 16 25 9 9 16 16 16 16 25 9 31 9 16 9 9 31 16 25 9 31 16 31 16 31 16 16 16 16 31 16 9 16 9 25 16 16 25 25 9 25 9 16 16 16 16 16 9 25 25 16 9 9 31 16 16 9 16 16 25 16 16 16 16 9 9 9 16 9 16 25 31 16 16 25 9 9 16 25 9 16 25 16 31 25 25 16 25 25 31 9 31 9 25 16 25 16 16 16 31 9 16 25 25 16 16 9 9 16 9 9 16 9 31 31 16 25 16 9 9 16 16 16 16 16 9 25 9 16 16 16 16 16 25 9 9 16 9 16 16 16 25 9 25 16 16 9 9 9 16 16 9 16 16 9
16 25 16 16 16 16 9 9 9 16 9 16 25 31 16 16 25 9 9 16 25 9 16 25 16 31 25 25 16 25 25 31 9 31 9 25 16 25 16 16 16 31 9 16 25 25 16 16 9 9 16 9 9 16 9 31 31 16 25 16 9 9 16 16 16 16 16 9 25 9 16 16 16 16 16 25 9 9 16 9 16 16 16 25 9 25 16 16 9 9 9 16 16 9 16 16 9 9 16 25 9 16 16 16 9 25 25 16 25 31 9 9 16 31 9 25 16 16 16 25 16 16 16 9 31 16 16 16 25 16 16 9 25 31 31 16 9 9 25 9 25 16 25 9 9 16 9 16 16 31 16 16 25 16 9 9 16 9 9 9 9 16 16 16 9 25 25 31 9 31 16 16 9 16 9 16 16 31 9 16 31 16 9 16 25 31 16 16 25 31 9 9 16 16 16 9 9 16 25 16 16 25 16 25 16 9 16 31 9 16 16 16 16 16 9 9 31 25 9 16 9 16 16 9 16 16 9 9 16 16
9 16 25 9 16 16 16 9 25 25 16 25 31 9 9 16 31 9 25 16 16 16 25 16 16 16 9 31 16 16 16 25 16 16 9 25 31 31 16 9 9 25 9 25 16 25 9 9 16 9 16 16 31 16 16 25 16 9 9 16 9 9 9 9 16 16 16 9 25 25 31 9 31 16 16 9 16 9 16 16 31 9 16 31 16 9 16 25 31 16 16 25 31 9 9 16 16 16 9 9 16 25 16 16 25 16 25 16 9 16 31 9 16 16 16 16 16 9 9 31 25 9 16 9 16 16 9 16 16 9 9 16 16 9 16 9 16 16 9 9 16 16 16 16 16 9 16 25 16 25 16 16 16 25 31 16 16 16 16 16 25 9 16 16 16 16 16 25 31 16 9 16 16 16 16 16 16 9 9 25 16 25 25 9 16 25 16 16 16 25 16 9 9 16 16 16 31 31 16 16 16 16 16 16 9 31 9 31 16 16 9 9 16 25 9 16 9 25 9 16 16 16 9 9 16 25 16 9 16 9
9 16 9 16 16 9 9 16 16 16 16 16 9 16 25 16 25 16 16 16 25 31 16 16 16 16 16 25 9 16 16 16 16 16 25 31 16 9 16 16 16 16 16 16 9 9 25 16 25 25 9 16 25 16 16 16 25 16 9 9 16 16 16 31 31 16 16 16 16 16 16 9 31 9 31 16 16 9 9 16 25 9 16 9 25 9 16 16 16 9 9 16 25 16 9 16 9 16 9 25 16 9 16 9 9 25 31 9 16 16 9 16 9 16 25 16 25 16 16 25 31 25 16 16 9 9 16 9 9 31 9 16 25 9 31 9 25 16 31 16 16 31 16 16 16 16 9 9 16 9 9 25 9 9 9 9 31 25 16 16 16 9 16 16 9 9 9 9 16 16 9 16 25 16 9 16 16 25 16 9 9 31 16 9 31 31 31 16 31 16 25 9 9 9 25 9 16 31 25 9 31 16 16 9 25 25 16 16 31 25 16 16 16 16 9 9 9 25 9 16 31 9 9 25 16 16 16 9 31 16 9
25 9 31 9 25 16 31 16 16 31 16 16 16 16 9 9 16 9 9 25 9 9 9 9 31 25 16 16 16 9 16 16 9 9 9 9 16 16 9 16 25 16 9 16 16 25 16 9 9 31 16 9 31 31 31 16 31 16 25 9 9 9 25 9 16 31 25 9 31 16 16 9 25 25 16 16 31 25 16 16 16 16 9 9 9 25 9 16 31 9 9 25 16 16 16 9 31 16 9 9 25 25 9 16 16 9 25 16 16 9 16 9 9 16 16 16 9 16 25 16 9 16 16 9 16 16 16 16 16 25 16 16 16 16 16 16 16 16 16 9 16 9 31 16 16 31 16 16 9 9 9 16 9 16 16 9 16 16 25 31 9 9 16 9 16 9 16 16 16 16 16 9 16 31 25 9 16 31 16 25 9 9 16 25 16 31 25 9 16 16 16 9 16 9 16 16 9 25 16 25 9 16 16 25 16 9 16 25 9 16 16 16 16 16 16 16 16 25 9 9 9 16 9 16 16
9 25 25 9 16 16 9 25 16 16 9 16 9 9 16 16 16 9 16 25 16 9 16 16 9 16 16 16 16 16 25 16 16 16 16 16 16 16 16 16 9 16 9 31 16 16 31 16 16 9 9 9 16 9 16 16 9 16 16 25 31 9 9 16 9 16 9 16 16 16 16 16 9 16 31 25 9 16 31 16 25 9 9 16 25 16 31 25 9 16 16 16 9 16 9 16 16 9 25 16 25 9 16 16 25 16 9 16 25 9 16 16 16 16 16 16 16 16 25 9 9 9 16 9 16 16 16 25 16 25 16 25 16 25 9 25 16 16 9 31 9 16 16 16 16 16 16 16 9 16 16 16 9 16 9 16 16 16 16 25 9 16 16 16 16 16 16 9 16 9 16 16 16 31 16 25 16 9 16 31 16 16 16 9 25 9 16 16 25 9 16 9 9 25 16 31 9 16 16 31 25 31 16 16 25 16 16 25 25 16 9 16 16 16 25 9 16 9 16 16 9 16 16 31 31 16
16 25 16 25 16 25 16 25 9 25 16 16 9 31 9 16 16 16 16 16 16 16 9 16 16 16 9 16 9 16 16 16 16 25 9 16 16 16 16 16 16 9 16 9 16 16 16 31 16 25 16 9 16 31 16 16 16 9 25 9 16 16 25 9 16 9 9 25 16 31 9 16 16 31 25 31 16 16 25 16 16 25 25 16 9 16 16 16 25 9 16 9 16 16 9 16 16 31 31 16 9 16 9 31 16 9 16 16 9 25 16 9 25 9 16 16 31 25 16 9 16 9 16 16 9 25 16 25 25 16 9 25 31 16 31 25 16 9 31 16 16 16 9 25 16 16 16 16 16 25 16 16 16 9 16 9 16 31 9 9 31 9 31 9 25 9 9 9 16 25 9 16 16 31 25 16 16 31 16 16 16 16 25 16 25 9 16 25 16 16 16 9 16 16 16 16 16 16 16 9 9 25 25 31 16 9 9 16 16 16 16 31 16 16 16 16 9 16 9
9 16 9 31 16 9 16 16 9 25 16 9 25 9 16 16 31 25 16 9 16 9 16 16 9 25 16 25 25 16 9 25 31 16 31 25 16 9 31 16 16 16 9 25 16 16 16 16 16 25 16 16 16 9 16 9 16 31 9 9 31 9 31 9 25 9 9 9 16 25 9 16 16 31 25 16 16 31 16 16 16 16 25 16 25 9 16 25 16 16 16 9 16 16 16 16 16 16 16 9 9 25 25 31 16 9 9 16 16 16 16 31 16 16 16 16 9 16 9 9 31 16 16 16 9 9 16 9 16 9 9 16 16 31 16 31 16 16 16 25 31 25 25 9 25 25 16 25 16 9 9 16 16 16 25 16 25 16 16 16 31 16 25 25 9 9 16 9 31 31 25 16 25 25 25 16 25 25 9 16 25 31 25 31 31 16 16 9 25 9 16 16 25 31 16 9 16 16 31 16 31 16 16 9 16 25
9 31 16 16 16 9 9 16 9 16 9 9 16 16 31 16 31 16 16 16 25 31 25 25 9 25 25 16 25 16 9 9 16 16 16 25 16 25 16 16 16 31 16 25 25 9 9 16 9 31 31 25 16 25 25 25 16 25 25 9 16 25 31 25 31 31 16 16 9 25 9 16 16 25 31 16 9 16 16 31 16 31 16 16 9 16 25 16 25 16 16 9 9 16 16 25 16 31 16 31 16 16 16 16 16 16 16 16 9 9 16 31 16 16 9 9 16 16 16 16 16 16 16 16 25 25 16 16 16 16 25 16 9 9 9 16 31 9 9 16 31 16 16 16 9 16 9 16 31 16 9 9 9 25 16 16 25 25 25 25 16 16 9 25 31 16 9 9 16 25 16 16 16 9 16 16 25 9 9 16 9 31 16 25 9 25 16 9 9 16 9 16 16 9 25 16 25 16 16 16 9 9 16 25 16 25 9 16 16 16 16 31 16 9 25 16 9 9 16 25
16 16 16 16 25 16 9 9 9 16 31 9 9 16 31 16 16 16 9 16 9 16 31 16 9 9 9 25 16 16 25 25 25 25 16 16 9 25 31 16 9 9 16 25 16 16 16 9 16 16 25 9 9 16 9 31 16 25 9 25 16 9 9 16 9 16 16 9 25 16 25 16 16 16 9 9 16 25 16 25 9 16 16 16 16 31 16 9 25 16 9 9 16 25 16 9 25 25 16 16 25 16 16 16 16 16 9 16 16 25 9 16 16 16 16 16 16 16 16 31 16 25 9 9 16 16 16 16 9 16 31 25 16 25 9 9 9 9 16 16 25 16 16 16 9 16 16 31 9 16 16 25 9 16 16 31 9 9 9 16 16 9 16 16 16 16 25 16 25 16 16 31 9 9 16 16 31 9 16 16 16 16 16 9 25 9 16 16 25 16 16 16 16 16 16 16 25 16 16 16 9 16 9 25 9 31 16 16 16 16 31 16 31 16 25 31 25 16 16 16 16 9
16 9 25 25 16 16 25 16 16 16 16 16 9 16 16 25 9 16 16 16 16 16 16 16 16 31 16 25 9 9 16 16 16 16 9 16 31 25 16 25 9 9 9 9 16 16 25 16 16 16 9 16 16 31 9 16 16 25 9 16 16 31 9 9 9 16 16 9 16 16 16 16 25 16 25 16 16 31 9 9 16 16 31 9 16 16 16 16 16 9 25 9 16 16 25 16 16 16 16 16 16 16 25 16 16 16 9 16 9 25 9 31 16 16 16 16 31 16 31 16 25 31 25 16 16 16 16 9 25 16 16 31 31 25 31 16 9 16 16 16 9 16 16 16 25 16 9 9 16 31 9 16 9 16 16 16 16 31 16 16 16 9 16 16 25 31 16 31 16 16 16 16 16 16 16 25 31 25 16 16 31 16 16 9 31 16 9 16 31 16 16 16 9 16 25 16 9 9 31 9 9 16 9 25 9 16 9 9 16 9 16 16 9 16 16 16 9 16 9 16 9 31 16 25 16 9
25 16 16 31 31 25 31 16 9 16 16 16 9 16 16 16 25 16 9 9 16 31 9 16 9 16 16 16 16 31 16 16 16 9 16 16 25 31 16 31 16 16 16 16 16 16 16 25 31 25 16 16 31 16 16 9 31 16 9 16 31 16 16 16 9 16 25 16 9 9 31 9 9 16 9 25 9 16 9 9 16 9 16 16 9 16 16 16 9 16 9 16 9 31 16 25 16 9 9 16 16 25 9 16 16 25 31 16 16 9 16 31 16 16 16 16 25 16 16 25 31 16 16 9 16 16 16 16 16 16 25 16 16 9 9 25 25 16 16 25 16 25 16 16 16 31 16 9 16 25 25 16 16 9 31 31 9 16 31 25 31 25 16 9 16 16 16 16 16 16 9 25 9 31 9 25 31 9 25 16 9 16 16 16 16 25 25 16 16 25 16 25 16 16 16 25 9 16 9 9 9 9 16 16 9 16 9 25 9 16 9 16 16 16 9 16 16 9 16 16 31 16 16 9 25 16 16
9 16 16 25 9 16 16 25 31 16 16 9 16 31 16 16 16 16 25 16 16 25 31 16 16 9 16 16 16 16 16 16 25 16 16 9 9 25 25 16 16 25 16 25 16 16 16 31 16 9 16 25 25 16 16 9 31 31 9 16 31 25 31 25 16 9 16 16 16 16 16 16 9 25 9 31 9 25 31 9 25 16 9 16 16 16 16 25 25 16 16 25 16 25 16 16 16 25 9 16 9 9 9 9 16 16 9 16 9 25 9 16 9 16 16 16 9 16 16 9 16 16 31 16 16 9 25 16 16 25 9 16 16 9 16 16 16 16 16 16 31 9 25 16 16 16 31 31 9 16 9 9 9 16 16 16 16 16 16 25 16 16 25 9 16 31 9 16 16 31 9 25 25 9 16 16 16 31 25 25 16 16 16 25 9 25
25 9 16 16 9 16 16 16 16 16 16 31 9 25 16 16 16 31 31 9 16 9 9 9 16 16 16 16 16 16 25 16 16 25 9 16 31 9 16 16 31 9 25 25 9 16 16 16 31 25 25 16 16 16 25 9 25
1 1 1 1 1 1 26 1 1 1 1 1 1 1 1 1 1 1 1 1 1 1 1 1 1 1 1 1 1 10 1 1 1 1 2 2 2 2 26 26 18 2 2 10 26 2 2 10 26 18 10 10 2 18 18 1 1 1 1 1 1 1 1 1 1 1 1 2 18 10 2 18 18 2 2 18 1 1 1 1 1 1 1 1 1 1 1 2 26 2 10 10 10 18 18 10 26 18 10 1 1 1 1 1 1 26 1 1 1 1 2 2 10 10 10 10 18 2 26 26 18 1 1 1 1 1 1 1 1 1 1 1 2 10 10 10 2 10 18 2 10 1 1 1 1 1 1 1 1 1 1 1 10 26 26 26 2 2 10 2 10 10 10 2 1 1 1 1 1 1 1 1 1 1 1 2 2 18 26 26 10 26 10 10 10 1 18 26 18 26 26 10 10 10 2 18 2 1 10 18 1 1 1 1 1 1 1 1 1 1 1 1 1 1 1 1 1 1 1 1 1 2
1 1 1 1 1 1 26 1 1 1 1 1 1 1 1 1 1 1 1 1 1 1 1 1 1 1 1 1 1 10 1 1 1 1 2 2 2 2 26 26 18 2 2 10 26 2 2 10 26 18 10 10 2 18 18 1 1 1 1 1 1 1 1 1 1 1 1 2 18 10 2 18 18 2 2 18 1 1 1 1 1 1 1 1 1 1 1 2 26 2 10 10 10 18 18 10 26 18 10 1 1 1 1 1 1 26 1 1 1 1 2 2 10 10 10 10 18 2 26 26 18 1 1 1 1 1 1 1 1 1 1 1 2 10 10 10 2 10 18 2 10 1 1 1 1 1 1 1 1 1 1 1 10 26 26 26 2 2 10 2 10 10 10 2 1 1 1 1 1 1 1 1 1 1 1 2 2 18 26 26 10 26 10 10 10 1 18 26 18 26 26 10 10 10 2 18 2 1 10 18 1 1 1 1 1 1 1 1 1 1 1 1 1 1 1 1 1 1 1 1 1 2 18 2 2 2 18 10 26 26 2 1 1 1 1 1 1 1 1 1 1 1 1 2 26 2 10 26 10 10 10 18 2 2 1 1 1 1 1 1 1 1 1 10 1 1 18 10 10 18 2 18 26 2 2 10 26 26 1 1 1 1 1 1 1 1 1 1 1 10 2 26 18 10 2 26 26 10 26 10 10 2 18 10 10 1 1 1 1 1 1 1 1 1 1 1 18 2 26 18 18 26 26 2 10 26 18 26 26 18 2 1 1 1 1 1 1 1 1 1 1 1 2 2 2 2 10 10 10 18 2 18 26 10 18 18 26 26 1 1 1 1 1 1 1 1 1 1 1 10 26 18 26 2 26 10 18 10 26 2 26 2 2 26 26 2 1 1 1 1 1 1 1 1 1 1 1 18 2 10 18 10 18 18 26 2 2 10 18 10 10 2 18 18 26 2 10 10 18 2 26 10 18 2 2 26 1 18 2 2 2 18 26 18 18 10 10 10 26 18 2 2 18 2 26 18 10 26 10 26 10 10 26 26 10 26 26 26 2 2 18 10 10 26 18 18 2 26 2 10 10 10 26 26 2 18 18 10 10 26 2 2 2 18 26 26 26 18 26 10 2 2 18 10 26 2 18 2 26 2 2 10 26 2 18 18 18 18 18 2 2 18 18 10 26 26 2 2 2 2 10 2 26 10 2 10 26 2 26 2 26 1 1 1 1 1 1 1 1 1 1 1 2 18 2 18 26 18 2 18 2 10 10 26 2 26 26 2 1 1 1 1 1 1 1 1 1 1 1 1 10 10 2 2 10 10 18 26 18 10 10 26 10 10 10 26 18 18 10 26 26 2 2 2 2 26 10 26 18 1 1 18 1 1 1 1 1 1 1 1 26 2 2 2 10 2 18 26 18 26 18 26 10 2 10 18 2 18 26 2 10 2 10 2 18 26 26 10 26 2 18 10 10 18 18 2 18 18 18 2 1 1 1 1 1 1 1 1 1 1 1 18 18 18 18 2 2 10 10 2 10 26 10 18 2 10 18 18 2 18 10 2 26 18 18 2 18 26 18 10 18 26 26 26 18 2 18 26 18 2 1 1 1 1 1 1 1 2 1 1 1 1 26 26 10 10 18 26 10 10 26 2 10 2 10 26 10 10 10 26 18 10 2 10 26 26 10 18 26 10 18 10 10 18 18 10 18 2 2 26 2 2 18 10 26 10 26 18 18 26 2 1 1 1 1 1 1 1 1 1 1 1 1 2 2 18 18 26 10 10 10 2 26 18 10 18 10 10 26 2 10 2 10 10 2 10 10 18 18 10 18 10 2 10 2 26 2 2 18
10 18 10 26 26 18 18 10 2 2 26 26 18 18 2 2 10 18 18 26 10 18 2 10 18 26 2 2 10 18 26 10 18 2 18 2 18 18 26 10 26 2 26 26 10 10 18 2 18 18 10 2 10 18 26 18 18 2 18 10 18 10 10 26 18 10 2 2 18 2 10 10 26 18 18 2 18 26 26 10 10 18 10 26 2 10 10 18 26 26 18 26 10 10 26 26 18 10 2 10 18 26 2 26
1 1 1 1 1 1 1 1 1 1 1 1 1 1 1 1 1 1 1 1 1 1 1 1 1 1 1 1 1 1 1 1 1 35 35 35 35 35 35 35 35 35 35 35 35 35 35 35 35 35 35 35 35 35 35 1 1 1 1 1 1 1 1 1 1 1 35 35 35 35 35 35 35 35 35 35 35 1 1 1 1 1 1 1 1 1 1 1 35 35 35 35 35 35 35 35 35 35 35 1 1 1 1 1 1 1 1 1 35 35 35 35 35 35 35 35 35 35 35 1 1 1 1 1 1 1 1 1 1 1 35 35 35 35 35 35 35
1 1 1 1 1 1 1 1 1 1 1 1 1 1 1 1 1 1 1 1 1 1 1 1 1 1 1 1 1 1 1 1 1 35 35 35 35 35 35 35 35 35 35 35 35 35 35 35 35 35 35 35 35 35 35 1 1 1 1 1 1 1 1 1 1 1 35 35 35 35 35 35 35 35 35 35 35 1 1 1 1 1 1 1 1 1 1 1 35 35 35 35 35 35 35 35 35 35 35 1 1 1 1 1 1 1 1 1 35 35 35 35 35 35 35 35 35 35 35 1 1 1 1 1 1 1 1 1 1 1 35 35 35 35 35 35 35 35 35 1 1 1 1 1 1 1 1 1 1 1 1 1 35 35 35 35 35 35 35 35 35 35 35 35 1 1 1 1 1 1 1 1 1 1 35 35 35 35 35 35 35 35 35 35 35 35 35 35 35 35 35 35 1 35 35 35 35 35 35 35 35 35 35 35 35 35 35 35 35 35 35 35 35 35 35 35 35 35 35 35 1 35 35 35 35 35 35 35 35 35 35 35 35 35 35 35 35 35 35 35 35 35 35 35 35 35 35 35 35 35 35 35 35 35 35 35 35 35 35 35 35 35 35 35 35 35 35 35 35 35 35 35 35 35 35 35 35 35 35 35 35 35 35 35 35 35 35 35 35 35 35 35 35 35 35 35 35 35 35 35 35 35 35 35 35 35 35 35 35 35 35 35 35 35 35 35 35 35 35 35 35 35 35 35 35 35 35 35 35 35 35 35 35 35 35 35 35 35 35 35 35 35 35 35 35 35 35 35 35 35 35 35 35 35 35
35 35 1 35 35 35 35 35 35 35 35 35 35 35 35 35 35 35 35 35 35 35 35 35 35 35 35 35 35 35 1 35 35 35 35 35 35 35 35 35 35 35 35 35 35 35 35 35 35 35 35 35 35 35 35 35 35 35 35 35 35 35 35 35 35 35 35 35 35 35 35 35 35 35 35 35 35 35 35 35 35 35 35 35 35 35 35 35 35 35 35 35 35 35 35 35 35 35 35 35 35 35 35 35 35 35 35 35 35 35 35 35 35 35 35 35 35 35 35 35 35 35 35 35 35 35 35 35 35 35 35 35 35 35 35 35 35 35 35 35 35 35 35 35 35 35 35 35 35 35 35 35 35 35 35 35 35 35 35 35 35 35 35 35 35 35 35 35 35 35 35 35 35 35 35 35 35 35 35 35 35 35 35 35 35 35 35 35 35 35 35 35 35 35 35 35 35 35 35 35 35 35 35 35 35 35 35 35 35 35 35 35 35 35 35 35 35 35 35 35 35 35 35 35 35 35 35 35 35 35 35 35 35 35 35 35 35 35 35 35 35 35 35 35 35 35 35 35 35 35 35 35 35 35 35 35 35 35 35 35 35 35 35 35 35 35 35 35 35 35 35 35 35 35 35 35 35 35 35 35 35 35 35 35 35 35 35 35 35 35 35 35 35 35 35 35 35 35 35 35 35 35 35 35 35 35 35 35 35 35 35 35 35 35 35 35 35 35 35 35 35 35 35 35 35 35 35 35 35 35 35 35 35 35 35 35 35 35 35 35 35 35 35 35 35 35 35 35 35 35 35 35 35 35 35 35 35 35 35 35 35 35 35 35 35 35 35 35 35 35 35 35 35 35 35 35 35 35
35 35 35 35 35 35 35 35 35 35 35 35 35 35 35 35 35 35 35 35 35 35 35 35 35 35 35 35 35 35 35 35 35 35 35 35 35 35 35 35 35 35 35 35 35 35 35 35 35 35 35 35 35 35 35 35 35 35 35 35 35 35 35 35 35 35 35 35 35 35 35 35 35 35 35 35 35 35 35 35 35 35 35 35 35 35 35 35 35 35 35 35 35 35 35 35 35 35 35 35 35 35 35 35 35 35 35 35 35 35 35 35 35 35 35 35 35 35 35 35 35 35 35 35 35 35 35 35 35 35 35 35 35 35 35 35 35 35 35 35 35 35 35 35 35 35 35 35 35 35 35 35 35 35 35 35 35 35 35 35 35 35 35 35 35 35 35 35 35 35 35 35 35 35 35 35 35 35 35 35 35 35 35 35 35 35 35 35 35 35 35 35 35 35 35 35 35 35 35 35 35 35 35 35 35 35 35 35 35 35 35 35 35 35 35 35 35 35 35 35 35 35 35 35 35 35 35 35 35 35 35 35 35 35 35 35 35 35 35 35 35 35 35 35 35 35 35 35 35 35 35 35 35 35 35 35 35 35 35 35 35 35 35 35 35 35 35 35 35 35 35 35 35 35 35 35 35 35 35 35 35 35 35 35 35 35 35 35 35 35 35 35 35 35 35 35 35 35 35 35 35 35 35 35 35 35 35 35 35 35 35 35 35 35 35 35 35 35 35 35 35 35 35 35 35 35 35 35 35 35 35 35 35 35 35 35
35 35 35 35 35 35 35 35 35 35 35 35 35 35 35 35 35 35 35 35 35 35 35 35 35 35 35 35 35 35 35 35 35 35 35 35 35 35 35 35 35 35 35 35 35 35 35 35 35 35 35 35 35 35 35 35 35 35 35 35 35 35 35 35 35 35 35 35 35 35 35 35 35 35 35 35 35 35 35 35 35 35 35 35 35 35 35 35 35 35 35 35 35 35 35 35 35 35 35 35 35 35 35 35 35 35 35 35 35 35 35 35 35 35 35 35 35 35 35 35 35 35 35 35 35 35 35 35 35 35 35 35 35 35 35 35 35 35 35 35 35 35 35 35 35 35 35 35 35 35 35 35 35 35 35 35 35 35 35 35 35 35 35 35 35 35 35 35 35 35 35 35 35 35 35 35 35 35 35 35 35 35 35 35 35 35 35 35 35 35 35 35 35 35 35 35 35 35 35 35 35 35 35 35 35 35 35 35 35 35 35 35 35 35 35 35 35 35 35 35 35 35 35 35 35 35 35 35 35 35 35 35 35 35 35 35 35 35 35 35 35 35 35 35 35 35 35 35 35 35 35 35 35 35 35 35 35 35 35 35 35 35 35 35 35 35 35 35 35 35 35 35 35 35 35 35 35 35 35 35 35 35 35 35 35 35 35 35 35 35 35 35 35 35 35 35 35 35 35 35 35 35 35 35 35 35 35 35 35 35 35 35 35 35 35 35 35 35 35 35 35 35 35 35 35 35 35 35 35 35 35 35 35 35 35 35 35 35 35 35 35 35 35 35 35 35 35 35 35 35 35 35 35 35 35 35 35 35 35 35 35
35 35 35 35 35 35 35 35 35 35 35 35 35 35 35 35 35 35 35 35 35 35 35 35 35 35 35 35 35 35 35 35 35 35 35 35 35 35 35 35 35 35 35 35 35 35 35 35 35 35 35 35 35 35 35 35 35 35 35 35 35 35 35 35 35 35 35 35 35 35 35 35 35 35 35 35 35 35 35 35 35 35 35 35 35 35 35 35 35 35 35 35 35 35 35 35 35 35 35 35 35 35 35 35 35 35 35 35 35 35 35 35 35 35 35 35 35 35 35 35 35 35 35 35 35 35 35 35 35 35 35 35 35 35 35 35 35 35 35 35 35 35 35 35 35 35 35 35 35 35 35 35 35 35 35 35 35 35 35 35 35 35 35 35 35 35 35 35 35 35 35 35 35 35 35 35 35 35 35 35 35 35 35 35 35 35 35 35 35 35 35 35 35 35 35 35 35 35 35 35 35 35 35 35 35 35 35 35 35 35 35 35 35 35 35 35 35 35 35 35 35 35 35 35 35 35 35 35 35 35 35 35 35 35 35 35 35 35 35 35 35 35 35 35 35 35 35 35 35 35 35 35 35 35 35 35 35 35 35 35 35 35 35 35 35 35 35 35 35 35 35 35 35 35 35 35 35 35 35 35 35 35 35 35 35 35 35 35 35 35 35 35 35 35 35 35 35 35 35 35 35 35 35 35 35 35 35 35 35 35 35 35 35 35 35 35 35 35 35 35 35 35 35 35 35 35 35 35 35 35 35 35 35 35 35 35 35 35 35 35 35 35 35 35 35 35 35 35 35 35 35 35 35 35 35 35 35 35 35 35 35 35 35 35 35 35 35 35 35 35 35 35 35
35 35 35 35 35 35 35 35 35 35 35 35 35 35 35 35 35 35 35 35 35 35 35 35 35 35 35 35 35 35 35 35 35 35 35 35 35 35 35 35 35 35 35 35 35 35 35 35 35 35 35 35 35 35 35 35 35 35 35 35 35 35 35 35 35 35 35 35 35 35 35 35 35 35 35 35 35 35 35 35 35 35 35 35 35 35 35 35 35 35 35 35 35 35 35 35 35 35 35 35 35 35 35 35 35 35 35 35 35 35 35 35 35 35 35 35 35 35 35 35 35 35 35 35 35 35 35 35 35 35 35 35 35 35 35 35 35 35 35 35 35 35 35 35 35 35 35 35 35 35 35 35 35 35 35 35 35 35 35 35 35 35 35 35 35 35 35 35 35 35 35 35 35 35 35 35 35 35 35 35 35 35 35 35 35 35 35 35 35 35 35 35 35 35 35 35 35 35 35 35 35 35 35 35 35 35 35 35 35 35 35 35 35 35 35 35 35 35 35 35 35 35 35 35 35 35 35 35 35 35 35 35 35 35 35 35 35 35 35 35 35 35 35 35 35 35 35 35 35 35 35 35 35 35 35 35 35 35 35 35 35 35 35 35 35 35 35 35 35 35 35 35 35 35 35 35 35 35 35 35 35 35 35 35 35 35 35 35 35 35 35 35 35 35 35 35 35 35 35 35 35 35 35 35 35 35 35 35 35 35 35 35 35 35 35 35 35 35 35 35 35 35 35 35 35 35 35 35 35 35 35
35 35 35 35 35 35 35 35 35 35 35 35 35 35 35 35 35 35 35 35 35 35 35 35 35 35 35 35 35 35 35 35 35 35 35 35 35 35 35 35 35 35 35 35 35 35 35 35 35 35 35 35 35 35 35 35 35 35 35 35 35 35 35 35 35 35 35 35 35 35 35 35 35 35 35 35 35 35 35 35 35 35 35 35 35 35 35 35 35 35 35 35 35 35 35 35 35 35 35 35 35 35 35 35 35 35 35 35 35 35 35 35 35 35 35 35 35 35 35 35 35 35 35 35 35 35 35 35 35 35 35 35 35 35 35 35 35 35 35 35 35 35 35 35 35 35 35 35 35 35 35 35 35 35 35 35 35 35 35 35 35 35 35 35 35 35 35 35 35 35 35 35 35 35 35 35 35 35 35 35 35 35 35 35 35 35 35 35 35 35 35 35 35 35 35 35 35 35 35 35 35 35 35 35 35 35 35 35 35 35 35 35 35 35 35 35 35 35 35 35 35 35 35 35 35 35 35 35 35 35 35 35 35 35 35 35 35 35 35 35 35 35 35 35 35 35 35 35 35 35 35 35 35 35 35 35 35 35 35 35 35 35 35 35 35 35 35 35 35 35 35 35 35 35 35 35 35 35 35 35 35 35 35 35 35 35 35 35 35 35 35 35 35 35 35 35 35 35 35 35 35 35 35 35 35 35 35 35 35 35 35 35 35 35 35 35 35 35 35 35 35 35 35 35 35 35 35 35 35 35 35 35 35 35 35 35 35 35 35 35 35 35 35 35 35 35 35 35 35 35 35 35 35 35 35 35 35 35 35 35 35 35 35 35 35 35 35
35 35 35 35 35 35 35 35 35 35 35 35 35 35 35 35 35 35 35 35 35 35 35 35 35 35 35 35 35 35 35 35 35 35 35 35 35 35 35 35 35 35 35 35 35 35 35 35 35 35 35 35 35 35 35 35 35 35 35 35 35 35 35 35 35 35 35 35 35 35 35 35 35 35 35 35 35 35 35 35 35 35 35 35 35 35 35 35 35 35 35 35 35 35 35 35 35 35 35 35 35 35 35 35 35 35 35 35 35 35 35 35 35 35 35 35 35 35 35 35 35 35 35 35 35 35 35 35 35 35 35 35 35 35 35 35 35 35 35 35 35 35 35 35 35 35 35 35 35 35 35 35 35 35 35 35 35 35 35 35 35 35 35 35 35 35 35 35 35 35 35 35 35 35 35 35 35 35 35 35 35 35 35 35 35 35 35 35 35 35 35 35 35 35 35 35 35 35 35 35 35 35 35 35 35 35 35 35 35 35 35 35 35 35 35 35 35 35 35 35 35 35 35 35 35 35 35 35 35 35 35 35 35 35 35 35 35 35 35 35 35 35 35 35 35 35 35 35 35 35 35 35 35 35 35 35 35 35 35 35 35 35 35 35 35 35 35 35 35 35 35 35 35 35 35 35 35 35 35 35 35 35 35 35 35 35 35 35 35 35 35 35 35 35 35 35 35 35 35 35 35 35 35 35 35 35 35 35 35 35 35 35 35 35 35 35 35 35 35 35 35 35 35 35 35 35 35 35 35 35 35 35 35 35 35 35 35 35 35 35 35 35 35 35 35 35 35 35 35 35 35 35 35 35 35 35 35 35 35 35 35 35 35 35 35 35 35 35 35 35 35 35 35 35 35 35 35 35 35 35 35 35 35 35 35 35 35 35 35 35 35 35 35 35 35 35 35 35 35 35 35 35 35 35 35
35 35 35 35 35 35 35 35 35 35 35 35 35 35 35 35 35 35 35 35 35 35 35 35 35 35 35 35 35 35 35 35 35 35 35 35 35 35 35 35 35 35 35 35 35 35 35 35 35 35 35 35 35 35 35 35 35 35 35 35 35 35 35 35 35 35 35 35 35 35 35 35 35 35 35 35 35 35 35 35 35 35 35 35 35 35 35 35 35 35 35 35 35 35 35 35 35 35 35 35 35 35 35 35 35 35 35 35 35 35 35 35 35 35 35 35 35 35 35 35 35 35 35 35 35 35 35 35 35 35 35 35 35 35 35 35 35 35 35 35 35 35 35 35 35 35 35 35 35 35 35 35 35 35 35 35 35 35 35 35 35 35 35 35 35 35 35 35 35 35 35 35 35 35 35 35 35 35 35 35 35 35 35 35 35 35 35 35 35 35 35 35 35 35 35 35 35 35 35 35 35 35 35 35 35 35 35 35 35 35 35 35 35 35 35 35 35 35 35 35 35 35 35 35 35 35 35 35 35 35 35 35 35 35 35 35 35 35 35 35 35 35 35 35 35 35 35 35 35 35 35 35 35 35 35 35 35 35 35 35 35 35 35 35 35 35 35 35 35 35 35 35 35 35 35 35 35 35 35 35 35 35 35 35 35 35 35 35 35 35 35 35 35 35 35 35 35 35 35 35 35 35 35 35 35 35 35 35 35 35 35 35 35 35 35 35 35 35 35 35 35 35 35 35 35 35 35 35 35 35 35 35 35 35 35 35 35 35 35 35 35 35 35 35 35 35 35 35 35 35 35 35 35 35 35 35 35 35 35 35 35 35 35 35 35 35 35 35 35 35 35 35 35 35 35 35 35 35 35 35 35 35 35 35 35 35 35 35 35 35 35 35 35 35 35 35 35 35 35 35 35 35 35 35 35 35
35 35 35 35 35 35 35 35 35 35 35 35 35 35 35 35 35 35 35 35 35 35 35 35 35 35 35 35 35 35 35 35 35 35 35 35 35 35 35 35 35 35 35 35 35 35 35 35 35 35 35 35 35 35 35 35 35 35 35 35 35 35 35 35 35 35 35 35 35 35 35 35 35 35 35 35 35 35 35 35 35 35 35 35 35 35 35 35 35 35 35 35 35 35 35 35 35 35 35 35 35 35 35 35 35 35 35 35 35 35 35 35 35 35 35 35 35 35 35 35 35 35 35 35 35 35 35 35 35 35 35 35 35 35 35 35 35 35 35 35 35 35 35 35 35 35 35 35 35 35 35 35 35 35 35 35 35 35 35 35 35 35 35 35 35 35 35 35 35 35 35 35 35 35 35 35 35 35 35 35 35 35 35 35 35 35 35 35 35 35 35 35 35 35 35 35 35 35 35 35 35 35 35 35 35 35 35 35 35 35 35 35 35 35 35 35 35 35 35 35 35 35 35 35 35 35 35 35 35 35 35 35 35 35 35 35 35 35 35 35 35 35 35 35 35 35 35 35 35 35 35 35 35 35 35 35 35 35 35 35 35 35 35 35 35 35 35 35 35 35 35 35 35 35 35 35 35 35 35 35 35 35 35 35 35 35 35 35 35 35 35 35 35 35 35 35 35 35 35 35 35 35 35 35 35 35 35 35 35 35 35 35 35 35 35 35 35 35 35 35 35 35 35 35 35 35 35 35 35 35 35 35 35 35 35 35 35 35 35 35 35 35 35 35 35 35 35 35 35 35 35 35 35 35 35 35 35 35 35 35 35 35 35 35 35 35 35 35 35 35 35 35 35 35 35 35 35 35 35 35 35 35 35 35 35 35 35 35 35 35
35 35 35 35 35 35 35 35 35 35 35 35 35 35 35 35 35 35 35 35 35 35 35 35 35 35 35 35 35 35 35 35 35 35 35 35 35 35 35 35 35 35 35 35 35 35 35 35 35 35 35 35 35 35 35 35 35 35 35 35 35 35 35 35 35 35 35 35 35 35 35 35 35 35 35 35 35 35 35 35 35 35 35 35 35 35 35 35 35 35 35 35 35 35 35 35 35 35 35 35 35 35 35 35 35 35 35 35 35 35 35 35 35 35 35 35 35 35 35 35 35 35 35 35 35 35 35 35 35 35 35 35 35 35 35 35 35 35 35 35 35 35 35 35 35 35 35 35 35 35 35 35 35 35 35 35 35 35 35 35 35 35 35 35 35 35 35 35 35 35 35 35 35 35 35 35 35 35 35 35 35 35 35 35 35 35 35 35 35 35 35 35 35 35 35 35 35 35 35 35 35 35 35 35 35 35 35 35 35 35 35 35 35 35 35 35 35 35 35 35 35 35 35 35 35 35 35 35 35 35 35 35 35 35 35 35 35 35 35 35 35 35 35 35 35 35 35 35 35 35 35 35 35 35 35 35 35 35 35 35 35 35 35 35 35 35 35 35 35 35 35 35 35 35 35 35 35 35 35 35 35 35 35 35 35 35 35 35 35 35 35 35 35 35 35 35 35 35 35 35 35 35 35 35 35 35 35 35 35 35 35 35 35 35 35 35 35 35 35 35 35 35 35 35 35 35 35 35 35 35 35 35 35 35 35 35 35 35 35 35 35 35 35 35 35 35 35 35 35 35 35 35 35 35 35 35 35 35 35 35 35 35 35 35 35 35 35 35 35 35 35 35 35 35 35 35 35 35 35 35 35 35 35 35 35 35 35 35 35 35 35 35 35 35
35 35 35 35 35 35 35 35 35 35 35 35 35 35 35 35 35 35 35 35 35 35 35 35 35 35 35 35 35 35 35 35 35 35 35 35 35 35 35 35 35 35 35 35 35 35 35 35 35 35 35 35 35 35 35 35 35 35 35 35 35 35 35 35 35 35 35 35 35 35 35 35 35 35 35 35 35 35 35 35 35 35 35 35 35 35 35 35 35 35 35 35 35 35 35 35 35 35 35 35 35 35 35 35 35 35 35 35 35 35 35 35 35 35 35 35 35 35 35 35 35 35 35 35 35 35 35 35 35 35 35 35 35 35 35 35 35 35 35 35 35 35 35 35 35 35 35 35 35 35 35 35 35 35 35 35 35 35 35 35 35 35 35 35 35 35 35 35 35 35 35 35 35 35 35 35 35 35 35 35 35 35 35 35 35 35 35 35 35 35 35 35 35 35 35 35 35 35 35 35 35 35 35 35 35 35 35 35 35 35 35 35 35 35 35 35 35 35 35 35 35 35 35 35 35 35 35 35 35 35 35 35 35 35 35 35 35 35 35 35 35 35 35 35 35 35 35 35 35 35 35 35 35 35 35 35 35 35 35 35 35 35 35 35 35 35 35 35 35 35 35 35 35 35 35 35 35 35 35 35 35 35 35 35 35 35 35 35 35 35 35 35 35 35 35 35 35 35 35 35 35 35 35 35 35 35 35 35 35 35 35 35 35 35 35 35 35 35 35 35 35 35 35 35 35 35 35 35 35 35 35 35 35 35 35 35 35 35 35 35 35 35 35 35 35 35 35 35 35 35 35 35 35 35 35 35 35 35 35 35 35 35 35 35 35 35 35 35 35 35 35
35 35 35 35 35 35 35 35 35 35 35 35 35 35 35 35 35 35 35 35 35 35 35 35 35 35 35 35 35 35 35 35 35 35 35 35 35 35 35 35 35 35 35 35 35 35 35 35 35 35 35 35 35 35 35 35 35 35 35 35 35 35 35 35 35 35 35 35 35 35 35 35 35 35 35 35 35 35 35 35 35 35 35 35 35 35 35 35 35 35 35 35 35 35 35 35 35 35 35 35 35 35 35 35 35 35 35 35 35 35 35 35 35 35 35 35 35 35 35 35 35 35 35 35 35 35 35 35 35 35 35 35 35 35 35 35 35 35 35 35 35 35 35 35 35 35 35 35 35 35 35 35 35 35 35 35 35 35 35 35 35 35 35 35 35 35 35 35 35 35 35 35 35 35 35 35 35 35 35 35 35 35 35 35 35 35 35 35 35 35 35 35 35 35 35 35 35 35 35 35 35 35 35 35 35 35 35 35 35 35 35 35 35 35 35 35 35 35 35 35 35 35 35 35 35 35 35 35 35 35 35 35 35 35 35 35 35 35 35 35 35 35 35 35 35 35 35 35 35 35 35 35 35 35 35 35 35 35 35 35 35 35 35 35 35 35 35 35 35 35 35 35 35 35 35 35 35 35 35 35 35 35 35 35 35 35 35 35 35 35 35 35 35 35 35 35 35 35 35 35 35 35 35 35 35 35 35 35 35 35 35 35 35 35 35 35 35 35 35 35 35 35 35 35 35 35 35 35 35 35 35 35 35 35 35 35 35 35 35 35 35 35 35 35 35 35 35 35 35 35 35 35 35 35 35 35 35 35 35 35 35 35 35
35 35 35 35 35 35 35 35 35 35 35 35 35 35 35 35 35 35 35 35 35 35 35 35 35 35 35 35 35 35 35 35 35 35 35 35 35 35 35 35 35 35 35 35 35 35 35 35 35 35 35 35 35 35 35 35 35 35 35 35 35 35 35 35 35 35 35 35 35 35 35 35 35 35 35 35 35 35 35 35 35 35 35 35 35 35 35 35 35 35 35 35 35 35 35 35 35 35 35 35 35 35 35 35 35 35 35 35 35 35 35 35 35 35 35 35 35 35 35 35 35 35 35 35 35 35 35 35 35 35 35 35 35 35 35 35 35 35 35 35 35 35 35 35 35 35 35 35 35 35 35 35 35 35 35 35 35 35 35 35 35 35 35 35 35 35 35 35 35 35 35 35 35 35 35 35 35 35 35 35 35 35 35 35 35 35 35 35 35 35 35 35 35 35 35 35 35 35 35 35 35 35 35 35 35 35 35 35 35 35 35 35 35 35 35 35 35 35 35 35 35 35 35 35 35 35 35 35 35 35 35 35 35 35 35 35 35 35 35 35 35 35 35 35 35 35 35 35 35 35 35 35 35 35 35 35 35 35 35 35 35 35 35 35 35 35 35 35 35 35 35 35 35 35 35 35 35 35 35 35 35 35 35 35 35 35 35 35 35 35 35 35 35 35 35 35 35 35 35 35 35 35 35 35 35 35 35 35 35 35 35 35 35 35 35 35 35 35 35 35 35 35 35 35 35 35 35 35 35 35 35 35 35 35 35 35 35 35 35 35 35 35 35 35 35 35 35 35 35 35 35 35 35 35 35 35 35 35 35 35 35 35 35 35 35 35 35 35 35 35 35 35 35 35 35 35 35 35 35 35 35 35 35 35 35 35 35 35 35 35 35 35 35 35 35
35 35 35 35 35 35 35 35 35 35 35 35 35 35 35 35 35 35 35 35 35 35 35 35 35 35 35 35 35 35 35 35 35 35 35 35 35 35 35 35 35 35 35 35 35 35 35 35 35 35 35 35 35 35 35 35 35 35 35 35 35 35 35 35 35 35 35 35 35 35 35 35 35 35 35 35 35 35 35 35 35 35 35 35 35 35 35 35 35 35 35 35 35 35 35 35 35 35 35 35 35 35 35 35 35 35 35 35 35 35 35 35 35 35 35 35 35 35 35 35 35 35 35 35 35 35 35 35 35 35 35 35 35 35 35 35 35 35 35 35 35 35 35 35 35 35 35 35 35 35 35 35 35 35 35 35 35 35 35 35 35 35 35 35 35 35 35 35 35 35 35 35 35 35 35 35 35 35 35 35 35 35 35 35 35 35 35 35 35 35 35 35 35 35 35 35 35 35 35 35 35 35 35 35 35 35 35 35 35 35 35 35 35 35 35 35 35 35 35 35 35 35 35 35 35 35 35 35 35 35 35 35 35 35 35 35 35 35 35 35 35 35 35 35 35 35 35 35 35 35 35 35 35 35 35 35 35 35 35 35 35 35 35 35 35 35 35 35 35 35 35 35 35 35 35 35 35 35 35 35 35 35 35 35 35 35 35 35 35 35 35 35 35 35 35 35 35 35 35 35 35 35 35 35 35 35 35 35 35 35 35 35 35 35 35 35 35 35 35 35 35 35 35 35 35 35 35 35 35 35 35 35 35 35 35 35 35 35 35 35 35 35 35 35 35 35 35 35 35 35 35 35 35 35 35 35 35 35 35 35 35 35 35 35 35 35 35 35 35 35 35 35 35 35 35 35 35 35 35 35 35
35 35 35 35 35 35 35 35 35 35 35 35 35 35 35 35 35 35 35 35 35 35 35 35 35 35 35 35 35 35 35 35 35 35 35 35 35 35 35 35 35 35 35 35 35 35 35 35 35 35 35 35 35 35 35 35 35 35 35 35 35 35 35 35 35 35 35 35 35 35 35 35 35 35 35 35 35 35 35 35 35 35 35 35 35 35 35 35 35 35 35 35 35 35 35 35 35 35 35 35 35 35 35 35 35 35 35 35 35 35 35 35 35 35 35 35 35 35 35 35 35 35 35 35 35 35 35 35 35 35 35 35 35 35 35 35 35 35 35 35 35 35 35 35 35 35 35 35 35 35 35 35 35 35 35 35 35 35 35 35 35 35 35 35 35 35 35 35 35 35 35 35 35 35 35 35 35 35 35 35 35 35 35 35 35 35 35 35 35 35 35 35 35 35 35 35 35 35 35 35 35 35 35 35 35 35 35 35 35 35 35 35 35 35 35 35 35 35 35 35 35 35 35 35 35 35 35 35 35 35 35 35 35 35 35 35 35 35 35 35 35 35 35 35 35 35 35 35 35 35 35 35 35 35 35 35 35 35 35 35 35 35 35 35 35 35 35 35 35 35 35 35 35 35 35 35 35 35 35 35 35 35 35 35 35 35 35 35 35 35 35 35 35 35 35 35 35 35 35 35 35 35 35 35 35 35 35 35 35 35 35 35 35 35 35 35 35 35 35 35 35 35 35 35 35 35 35 35 35 35 35 35 35 35 35 35 35 35 35 35 35 35 35 35 35 35 35 35 35 35 35 35 35
35 35 35 35 35 35 35 35 35 35 35 35 35 35 35 35 35 35 35 35 35 35 35 35 35 35 35 35 35 35 35 35 35 35 35 35 35 35 35 35 35 35 35 35 35 35 35 35 35 35 35 35 35 35 35 35 35 35 35 35 35 35 35 35 35 35 35 35 35 35 35 35 35 35 35 35 35 35 35 35 35 35 35 35 35 35 35 35 35 35 35 35 35 35 35 35 35 35 35 35 35 35 35 35 35 35 35 35 35 35 35 35 35 35 35 35 35 35 35 35 35 35 35 35 35 35 35 35 35 35 35 35 35 35 35 35 35 35 35 35 35 35 35 35 35 35 35 35 35 35 35 35 35 35 35 35 35 35 35 35 35 35 35 35 35 35 35 35 35 35 35 35 35 35 35 35 35 35 35 35 35 35 35 35 35 35 35 35 35 35 35 35 35 35 35 35 35 35 35 35 35 35 35 35 35 35 35 35 35 35 35 35 35 35 35 35 35 35 35 35 35 35 35 35 35 35 35 35 35 35 35 35 35 35 35 35 35 35 35 35 35 35 35 35 35 35 35 35 35 35 35 35 35 35 35 35 35 35 35 35 35 35 35 35 35 35 35 35 35 35 35 35 35 35 35 35 35 35 35 35 35 35 35 35 35 35 35 35 35 35 35 35 35 35 35 35 35 35 35 35 35 35 35 35 35 35 35 35 35 35 35 35 35 35 35 35 35 35 35 35 35 35 35 35 35 35
35 35 35 35 35 35 35 35 35 35 35 35 35 35 35 35 35 35 35 35 35 35 35 35 35 35 35 35 35 35 35 35 35 35 35 35 35 35 35 35 35 35 35 35 35 35 35 35 35 35 35 35 35 35 35 35 35 35 35 35 35 35 35 35 35 35 35 35 35 35 35 35 35 35 35 35 35 35 35 35 35 35 35 35 35 35 35 35 35 35 35 35 35 35 35 35 35 35 35 35 35 35 35 35 35 35 35 35 35 35 35 35 35 35 35 35 35 35 35 35 35 35 35 35 35 35 35 35 35 35 35 35 35 35 35 35 35 35 35 35 35 35 35 35 35 35 35 35 35 35 35 35 35 35 35 35 35 35 35 35 35 35 35 35 35 35 35 35 35 35 35 35 35 35 35 35 35 35 35 35 35 35 35 35 35 35 35 35 35 35 35 35 35 35 35 35 35 35 35 35 35 35 35 35 35 35 35 35 35 35 35 35 35 35 35 35 35 35 35 35 35 35 35 35 35 35 35 35 35 35 35 35 35 35 35 35 35 35 35 35 35 35 35 35 35 35 35 35 35 35 35 35 35 35 35 35 35 35 35 35 35 35 35 35 35 35 35 35 35 35 35 35 35 35 35 35 35 35 35 35 35 35 35 35 35 35 35 35 35 35 35 35 35 35 35 35 35 35 35 35 35 35 35 35 35 35 35 35 35 35 35 35 35 35 35 35 35 35 35 35 35 35 35 35 35 35 35 35 35 35 35 35 35 35 35 35 35 35 35 35 35 35 35 35 35 35 35 35 35 35 35 35 35 35 35 35 35 35 35
35 35 35 35 35 35 35 35 35 35 35 35 35 35 35 35 35 35 35 35 35 35 35 35 35 35 35 35 35 35 35 35 35 35 35 35 35 35 35 35 35 35 35 35 35 35 35 35 35 35 35 35 35 35 35 35 35 35 35 35 35 35 35 35 35 35 35 35 35 35 35 35 35 35 35 35 35 35 35 35 35 35 35 35 35 35 35 35 35 35 35 35 35 35 35 35 35 35 35 35 35 35 35 35 35 35 35 35 35 35 35 35 35 35 35 35 35 35 35 35 35 35 35 35 35 35 35 35 35 35 35 35 35 35 35 35 35 35 35 35 35 35 35 35 35 35 35 35 35 35 35 35 35 35 35 35 35 35 35 35 35 35 35 35 35 35 35 35 35 35 35 35 35 35 35 35 35 35 35 35 35 35 35 35 35 35 35 35 35 35 35 35 35 35 35 35 35 35 35 35 35 35 35 35 35 35 35 35 35 35 35 35 35 35 35 35 35 35 35 35 35 35 35 35 35 35 35 35 35 35 35 35 35 35 35 35 35 35 35 35 35 35 35 35 35 35 35 35 35 35 35 35 35 35 35 35 35 35 35 35 35 35 35 35 35 35 35 35 35 35 35 35 35 35 35 35 35 35 35 35 35 35 35 35 35 35 35 35 35 35 35 35 35 35 35 35 35 35 35 35 35 35 35 35 35 35 35 35 35 35 35 35 35 35 35 35 35 35 35 35 35 35 35 35 35 35 35 35 35 35 35 35 35 35 35 35 35 35 35 35 35 35 35 35 35 35 35 35 35 35 35 35 35 35 35 35 35 35 35 35 35 35 35 35 35 35 35 35 35 35 35 35 35 35 35 35 35 35 35 35 35 35 35 35
35 35 35 35 35 35 35 35 35 35 35 35 35 35 35 35 35 35 35 35 35 35 35 35 35 35 35 35 35 35 35 35 35 35 35 35 35 35 35 35 35 35 35 35 35 35 35 35 35 35 35 35 35 35 35 35 35 35 35 35 35 35 35 35 35 35 35 35 35 35 35 35 35 35 35 35 35 35 35 35 35 35 35 35 35 35 35 35 35 35 35 35 35 35 35 35 35 35 35 35 35 35 35 35 35 35 35 35 35 35 35 35 35 35 35 35 35 35 35 35 35 35 35 35 35 35 35 35 35 35 35 35 35 35 35 35 35 35 35 35 35 35 35 35 35 35 35 35 35 35 35 35 35 35 35 35 35 35 35 35 35 35 35 35 35 35 35 35 35 35 35 35 35 35 35 35 35 35 35 35 35 35 35 35 35 35 35 35 35 35 35 35 35 35 35 35 35 35 35 35 35 35 35 35 35 35 35 35 35 35 35 35 35 35 35 35 35 35 35 35 35 35 35 35 35 35 35 35 35 35 35 35 35 35 35 35 35 35 35 35 35 35 35 35 35 35 35 35 35 35 35 35 35 35 35 35 35 35 35 35 35 35 35 35 35 35 35 35 35 35 35 35 35 35 35 35 35 35 35 35 35 35 35 35 35 35 35 35 35 35 35 35 35 35 35 35 35 35 35 35 35 35 35 35 35 35 35 35 35 35 35 35 35 35 35 35 35 35 35 35 35 35 35 35 35 35 35 35 35 35 35 35 35 35 35 35 35 35 35 35 35 35 35 35 35 35 35 35 35 35 35 35 35 35 35 35 35 35 35 35 35 35 35 35 35 35 35 35 35 35 35 35
35 35 35 35 35 35 35 35 35 35 35 35 35 35 35 35 35 35 35 35 35 35 35 35 35 35 35 35 35 35 35 35 35 35 35 35 35 35 35 35 35 35 35 35 35 35 35 35 35 35 35 35 35 35 35 35 35 35 35 35 35 35 35 35 35 35 35 35 35 35 35 35 35 35 35 35 35 35 35 35 35 35 35 35 35 35 35 35 35 35 35 35 35 35 35 35 35 35 35 35 35 35 35 35 35 35 35 35 35 35 35 35 35 35 35 35 35 35 35 35 35 35 35 35 35 35 35 35 35 35 35 35 35 35 35 35 35 35 35 35 35 35 35 35 35 35 35 35 35 35 35 35 35 35 35 35 35 35 35 35 35 35 35 35 35 35 35 35 35 35 35 35 35 35 35 35 35 35 35 35 35 35 35 35 35 35 35 35 35 35 35 35 35 35 35 35 35 35 35 35 35 35 35 35 35 35 35 35 35 35 35 35 35 35 35 35 35 35 35 35 35 35 35 35 35 35 35 35 35 35 35 35 35 35 35 35 35 35 35 35 35 35 35 35 35 35 35 35 35 35 35 35 35 35 35 35 35 35 35 35 35 35 35 35 35 35 35 35 35 35 35 35 35 35 35 35 35 35 35 35 35 35 35 35 35 35 35 35 35 35 35 35 35 35 35 35 35 35 35 35 35 35 35 35 35 35 35 35 35 35 35 35 35 35 35 35 35 35 35 35 35 35 35 35 35 35 35 35 35 35 35 35 35 35 35 35 35 35 35 35 35 35 35 35 35 35 35 35 35
35 35 35 35 35 35 35 35 35 35 35 35 35 35 35 35 35 35 35 35 35 35 35 35 35 35 35 35 35 35 35 35 35 35 35 35 35 35 35 35 35 35 35 35 35 35 35 35 35 35 35 35 35 35 35 35 35 35 35 35 35 35 35 35 35 35 35 35 35 35 35 35 35 35 35 35 35 35 35 35 35 35 35 35 35 35 35 35 35 35 35 35 35 35 35 35 35 35 35 35 35 35 35 35 35 35 35 35 35 35 35 35 35 35 35 35 35 35 35 35 35 35 35 35 35 35 35 35 35 35 35 35 35 35 35 35 35 35 35 35 35 35 35 35 35 35 35 35 35 35 35 35 35 35 35 35 35 35 35 35 35 35 35 35 35 35 35 35 35 35 35 35 35 35 35 35 35 35 35 35 35 35 35 35 35 35 35 35 35 35 35 35 35 35 35 35 35 35 35 35 35 35 35 35 35 35 35 35 35 35 35 35 35 35 35 35 35 35 35 35 35 35 35 35 35 35 35 35 35 35 35 35 35 35 35 35 35 35 35 35 35 35 35 35 35 35 35 35 35 35 35 35 35 35 35 35 35 35 35 35 35 35 35 35 35 35 35 35 35 35 35 35 35 35 35 35 35 35 35 35 35 35 35 35 35 35 35 35 35 35 35 35 35 35 35 35 35 35 35 35 35 35 35 35 35 35 35 35 35 35 35 35 35 35 35 35 35 35 35 35 35 35 35 35 35 35 35 35 35 35 35 35 35 35 35 35 35 35 35 35 35 35 35 35 35 35 35 35 35 35 35 35 35 35 35 35 35 35
35 35 35 35 35 35 35 35 35 35 35 35 35 35 35 35 35 35 35 35 35 35 35 35 35 35 35 35 35 35 35 35 35 35 35 35 35 35 35 35 35 35 35 35 35 35 35 35 35 35 35 35 35 35 35 35 35 35 35 35 35 35 35 35 35 35 35 35 35 35 35 35 35 35 35 35 35 35 35 35 35 35 35 35 35 35 35 35 35 35 35 35 35 35 35 35 35 35 35 35 35 35 35 35 35 35 35 35 35 35 35 35 35 35 35 35 35 35 35 35 35 35 35 35 35 35 35 35 35 35 35 35 35 35 35 35 35 35 35 35 35 35 35 35 35 35 35 35 35 35 35 35 35 35 35 35 35 35 35 35 35 35 35 35 35 35 35 35 35 35 35 35 35 35 35 35 35 35 35 35 35 35 35 35 35 35 35 35 35 35 35 35 35 35 35 35 35 35 35 35 35 35 35 35 35 35 35 35 35 35 35 35 35 35 35 35 35 35 35 35 35 35 35 35 35 35 35 35 35 35 35 35 35 35 35 35 35 35 35 35 35 35 35 35 35 35 35 35 35 35 35 35 35 35 35 35 35 35 35 35 35 35 35 35 35 35 35 35 35 35 35 35 35 35 35 35 35 35 35 35 35 35 35 35 35 35 35 35 35 35 35 35 35 35 35 35 35 35 35 35 35 35 35 35 35 35 35 35 35 35 35 35 35 35 35 35 35 35 35 35 35 35 35 35 35 35 35 35 35 35 35 35 35 35 35 35 35 35 35 35 35 35 35 35 35 35 35 35 35 35 35 35 35 35 35 35 35 35 35 35 35 35 35 35 35 35 35 35 35 35 35 35 35 35 35 35 35 35 35 35 35 35 35 35 35 35 35 35 35 35 35 35
35 35 35 35 35 35 35 35 35 35 35 35 35 35 35 35 35 35 35 35 35 35 35 35 35 35 35 35 35 35 35 35 35 35 35 35 35 35 35 35 35 35 35 35 35 35 35 35 35 35 35 35 35 35 35 35 35 35 35 35 35 35 35 35 35 35 35 35 35 35 35 35 35 35 35 35 35 35 35 35 35 35 35 35 35 35 35 35 35 35 35 35 35 35 35 35 35 35 35 35 35 35 35 35 35 35 35 35 35 35 35 35 35 35 35 35 35 35 35 35 35 35 35 35 35 35 35 35 35 35 35 35 35 35 35 35 35 35 35 35 35 35 35 35 35 35 35 35 35 35 35 35 35 35 35 35 35 35 35 35 35 35 35 35 35 35 35 35 35 35 35 35 35 35 35 35 35 35 35 35 35 35 35 35 35 35 35 35 35 35 35 35 35 35 35 35 35 35 35 35 35 35 35 35 35 35 35 35 35 35 35 35 35 35 35 35 35 35 35 35 35 35 35 35 35 35 35 35 35 35 35 35 35 35 35 35 35 35 35 35 35 35 35 35 35 35 35 35 35 35 35 35 35 35 35 35 35 35 35 35 35 35 35 35 35 35 35 35 35 35 35 35 35 35 35 35 35 35 35 35 35 35 35 35 35 35 35 35 35 35 35 35 35 35 35 35 35 35 35 35 35 35 35 35 35 35 35 35 35 35 35 35 35 35 35 35 35 35 35 35 35 35 35 35 35 35 35 35 35 35 35 35 35 35 35 35 35 35 35 35 35 35 35 35 35 35 35 35 35 35 35 35 35 35 35 35 35 35 35 35 35 35 35 35 35 35 35 35 35 35 35 35 35 35 35 35 35 35 35 35 35 35 35 35 35 35 35 35 35 35 35 35 35 35 35 35 35 35 35 35
35 35 35 35 35 35 35 35 35 35 35 35 35 35 35 35 35 35 35 35 35 35 35 35 35 35 35 35 35 35 35 35 35 35 35 35 35 35 35 35 35 35 35 35 35 35 35 35 35 35 35 35 35 35 35 35 35 35 35 35 35 35 35 35 35 35 35 35 35 35 35 35 35 35 35 35 35 35 35 35 35 35 35 35 35 35 35 35 35 35 35 35 35 35 35 35 35 35 35 35 35 35 35 35 35 35 35 35 35 35 35 35 35 35 35 35 35 35 35 35 35 35 35 35 35 35 35 35 35 35 35 35 35 35 35 35 35 35 35 35 35 35 35 35 35 35 35 35 35 35 35 35 35 35 35 35 35 35 35 35 35 35 35 35 35
35 35 35 35 35 35 35 35 35 35 35 35 35 35 35 35 35 35 35 35 35 35 35
1 1 1 1 1 1 1 1 1 1 1 1 1 1 1 1 1 1 1 1 1 1 1 1 1 1 1 1 1 1 1 1 1 35 35 35 35 35 35 35 35 35 35 35 35 35 35 35 35 35 35 35 35 35 1 1 1 1 1 1 1 1 1 1 35 35 35 35 35 35 35 35 35 35 35 35 1 1 1 1 1 1 1 1 1 1 1 1 35 35 35 35 35 35 35 35 35 35 1 1 35 35 35 35 35 35 35 35 35 35 35 35 1 1 1 1 1 1 1 1 1 1 1 1 35 1 1 1 35 1 1 1 1 1 1 1 1 1 1 35 35 35 35 35 35 35 35 35 35 35 35 35 35 35 1 1 1 1 1 1 1 1 1 1 1 1 1 1 1 1 35 35 35 35 35 35 35 35 35 35 35 35 35 35 35 35 35 35 35 35 35 35 1 1 35 35 35 35 35 35 35 35 35 35 35 35 35 35 35 35 35 35 35 35 35 35 35 35 35 35 35 35 35 35 35 35 35 35 35 35 35 35 35 35 35 35 35 35 35 35 35 35 35 35 35 35 35 35 35 35 35 35 35 35
1 1 1 1 1 1 1 1 1 1 1 1 1 1 1 1 1 1 1 1 1 1 1 1 1 1 1 1 1 1 1 1 1 35 35 35 35 35 35 35 35 35 35 35 35 35 35 35 35 35 35 35 35 35 1 1 1 1 1 1 1 1 1 1 35 35 35 35 35 35 35 35 35 35 35 35 1 1 1 1 1 1 1 1 1 1 1 1 35 35 35 35 35 35 35 35 35 35 1 1 35 35 35 35 35 35 35 35 35 35 35 35 1 1 1 1 1 1 1 1 1 1 1 1 35 1 1 1 35 1 1 1 1 1 1 1 1 1 1 35 35 35 35 35 35 35 35 35 35 35 35 35 35 35 1 1 1 1 1 1 1 1 1 1 1 1 1 1 1 1 35 35 35 35 35 35 35 35 35 35 35 35 35 35 35 35 35 35 35 35 35 35 1 1 35 35 35 35 35 35 35 35 35 35 35 35 35 35 35 35 35 35 35 35 35 35 35 35 35 35 35 35 35 35 35 35 35 35 35 35 35 35 35 35 35 35 35 35 35 35 35 35 35 35 35 35 35 35 35 35 35 35 35 35 35 35 35 35 35 35 35 35 35 35 35 35 35 35 35 35 35 35 35 35 35 35 35 35 35 35 35 35 35 35 35 35 35 35 35 35 35 35 35 35 35 35 35 35 35 35 35 35 35 35 35 35 35 35 35 35 35 35 35 35 35 35 35 35 35 35 35 35 35 35 35 35 35 35 35 35 35 35 35 35 35 35 35 35 35 35 35 35 35 35 35 35 35 35 35 35 35 35 35 35 35 35 35 35 35 35 35 35 35 35 35 35 35 35 35 35 35 35 35 35 35 35 35 35 35 35 35 35 35 35 35 35 35 35 35 35 35 35 35 35 35 35 35 35 35 35 35 35 35 35 35 35 35 35 35 35 35 35 35 35 35 35 35 35 35 35 35 35 35 35 35 35 35 35 35
35 35 35 35 35 35 35 35 35 35 35 35 35 35 35 35 35 35 35 35 35 35 35 35 35 35 35 35 35 35 35 35 35 35 35 35 35 35 35 35 35 35 35 35 35 35 35 35 35 35 35 35 35 35 35 35 35 35 35 35 35 35 35 35 35 35 35 35 35 35 35 35 35 35 35 35 35 35 35 35 35 35 35 35 35 35 35 35 35 35 35 35 35 35 35 35 35 35 35 35 35 35 35 35 35 35 35 35 35 35 35 35 35 35 35 35 35 35 35 35 35 35 35 35 35 35 35 35 35 35 35 35 35 35 35 35 35 35 35 35 35 35 35 35 35 35 35 35 35 35 35 35 35 35 35 35 35 35 35 35 35 35 35 35 35 35 35 35 35 35 35 35 35 35 35 35 35 35 35 35 35 35 35 35 35 35 35 35 35 35 35 35 35 35 35 35 35 35 35 35 35 35 35 35 35 35 35 35 35 35 35 35 35 35 35 35 35 35 35 35 35 35 35 35 35 35 35 35 35 35 35 35 35 35 35 35 35 35 35 35 35 35 35 35 35 35 35 35 35 35 35 35 35 35 35 35 35 35 35 35 35 35 35 35 35 35 35 35 35 35 35 35 35 35 35 35 35 35 35 35 35 35 35 35 35 35 35 35 35 35 35 35 35 35 35 35 35 35 35 35 35 35 35 35 35 35 35 35 35 35 35 35 35 35 35 35 35 35 35 35 35 35 35 35 35 35 35 35 35 35 35 35 35 35 35 35 35 35 35 35 35 35 35 35 35 35 35 35 35 35 35 35 35 35 35 35 35 35 35 35 35 35 35 35
35 35 35 35 35 35 35 35 35 35 35 35 35 35 35 35 35 35 35 35 35 35 35 35 35 35 35 35 35 35 35 35 35 35 35 35 35 35 35 35 35 35 35 35 35 35 35 35 35 35 35 35 35 35 35 35 35 35 35 35 35 35 35 35 35 35 35 35 35 35 35 35 35 35 35 35 35 35 35 35 35 35 35 35 35 35 35 35 35 35 35 35 35 35 35 35 35 35 35 35 35 35 35 35 35 35 35 35 35 35 35 35 35 35 35 35 35 35 35 35 35 35 35 35 35 35 35 35 35 35 35 35 35 35 35 35 35 35 35 35 35 35 35 35 35 35 35 35 35 35 35 35 35 35 35 35 35 35 35 35 35 35 35 35 35 35 35 35 35 35 35 35 35 35 35 35 35 35 35 35 35 35 35 35 35 35 35 35 35 35 35 35 35 35 35 35 35 35 35 35 35 35 35 35 35 35 35 35 35 35 35 35 35 35 35 35 35 35 35 35 35 35 35 35 35 35 35 35 35 35 35 35 35 35 35 35 35 35 35 35 35 35 35 35 35 35 35 35 35 35 35 35 35 35 35 35 35 35 35 35 35 35 35 35 35 35 35 35 35 35 35 35 35 35 35 35 35 35 35 35 35 35 35 35 35 35 35 35 35 35 35 35 35 35 35 35 35 35 35 35 35 35 35 35 35 35 35 35 35 35 35 35 35 35 35 35 35 35 35 35 35 35 35 35 35 35 35 35 35
35 35 35 35 35 35 35 35 35 35 35 35 35 35 35 35 35 35 35 35 35 35 35 35 35 35 35 35 35 35 35 35 35 35 35 35 35 35 35 35 35 35 35 35 35 35 35 35 35 35 35 35 35 35 35 35 35 35 35 35 35 35 35 35 35 35 35 35 35 35 35 35 35 35 35 35 35 35 35 35 35 35 35 35 35 35 35 35 35 35 35 35 35 35 35 35 35 35 35 35 35 35 35 35 35 35 35 35 35 35 35 35 35 35 35 35 35 35 35 35 35 35 35 35 35 35 35 35 35 35 35 35 35 35 35 35 35 35 35 35 35 35 35 35 35 35 35 35 35 35 35 35 35 35 35 35 35 35 35 35 35 35 35 35 35 35 35 35 35 35 35 35 35 35 35 35 35 35 35 35 35 35 35 35 35 35 35 35 35 35 35 35 35 35 35 35 35 35 35 35 35 35 35 35 35 35 35 35 35 35 35 35 35 35 35 35 35 35 35 35 35 35 35 35 35 35 35 35 35 35 35 35 35 35 35 35 35 35 35 35 35 35 35 35 35 35 35 35 35 35 35 35 35 35 35 35 35 35 35 35 35 35 35 35 35 35 35 35 35 35 35 35 35 35 35 35 35 35 35 35 35 35 35 35 35 35 35 35 35 35 35 35 35 35 35 35 35 35 35 35 35 35 35 35 35 35 35 35 35 35 35 35 35 35 35 35 35 35 35 35 35 35 35 35 35 35 35 35 35 35 35 35 35 35 35 35 35 35 35 35 35 35 35 35 35 35 35 35 35 35 35 35 35 35 35 35 35 35 35 35 35
35 35 35 35 35 35 35 35 35 35 35 35 35 35 35 35 35 35 35 35 35 35 35 35 35 35 35 35 35 35 35 35 35 35 35 35 35 35 35 35 35 35 35 35 35 35 35 35 35 35 35 35 35 35 35 35 35 35 35 35 35 35 35 35 35 35 35 35 35 35 35 35 35 35 35 35 35 35 35 35 35 35 35 35 35 35 35 35 35 35 35 35 35 35 35 35 35 35 35 35 35 35 35 35 35 35 35 35 35 35 35 35 35 35 35 35 35 35 35 35 35 35 35 35 35 35 35 35 35 35 35 35 35 35 35 35 35 35 35 35 35 35 35 35 35 35 35 35 35 35 35 35 35 35 35 35 35 35 35 35 35 35 35 35 35 35 35 35 35 35 35 35 35 35 35 35 35 35 35 35 35 35 35 35 35 35 35 35 35 35 35 35 35 35 35 35 35 35 35 35 35 35 35 35 35 35 35 35 35 35 35 35 35 35 35 35 35 35 35 35 35 35 35 35 35 35 35 35 35 35 35 35 35 35 35 35 35 35 35 35 35 35 35 35 35 35 35 35 35 35 35 35 35 35 35 35 35 35 35 35 35 35 35 35 35 35 35 35 35 35 35 35 35 35 35 35 35 35 35 35 35 35 35 35 35 35 35 35 35 35 35 35 35 35 35 35 35 35 35 35 35 35 35 35 35 35 35 35 35 35 35 35 35 35 35 35 35 35 35 35 35 35 35 35 35 35 35 35 35 35 35 35 35 35 35 35 35 35 35 35 35 35 35 35 35 35 35 35 35 35 35 35 35 35 35 35 35 35 35 35 35 35 35 35 35 35 35 35 35 35 35 35 35 35 35 35 35 35 35 35 35 35 35 35 35 35 35 35 35 35 35 35 35 35 35 35 35 35 35 35 35 35 35 35 35 35 35 35 35
35 35 35 35 35 35 35 35 35 35 35 35 35 35 35 35 35 35 35 35 35 35 35 35 35 35 35 35 35 35 35 35 35 35 35 35 35 35 35 35 35 35 35 35 35 35 35 35 35 35 35 35 35 35 35 35 35 35 35 35 35 35 35 35 35 35 35 35 35 35 35 35 35 35 35 35 35 35 35 35 35 35 35 35 35 35 35 35 35 35 35 35 35 35 35 35 35 35 35 35 35 35 35 35 35 35 35 35 35 35 35 35 35 35 35 35 35 35 35 35 35 35 35 35 35 35 35 35 35 35 35 35 35 35 35 35 35 35 35 35 35 35 35 35 35 35 35 35 35 35 35 35 35 35 35 35 35 35 35 35 35 35 35 35 35 35 35 35 35 35 35 35 35 35 35 35 35 35 35 35 35 35 35 35 35 35 35 35 35 35 35 35 35 35 35 35 35 35 35 35 35 35 35 35 35 35 35 35 35 35 35 35 35 35 35 35 35 35 35 35 35 35 35 35 35 35 35 35 35 35 35 35 35 35 35 35 35 35 35 35 35 35 35 35 35 35 35 35 35 35 35 35 35 35 35 35 35 35 35 35 35 35 35 35 35 35 35 35 35 35 35 35 35 35 35 35 35 35 35 35 35 35 35 35 35 35 35 35 35 35 35 35 35 35 35 35 35 35 35 35 35 35 35 35 35 35 35 35 35 35 35 35 35 35 35 35 35 35 35 35 35 35 35 35 35 35 35 35 35 35 35 35 35 35 35 35 35 35 35 35 35 35 35 35 35 35 35 35 35 35 35 35 35 35 35 35 35 35 35 35 35 35 35 35 35 35 35 35 35 35 35 35 35 35 35 35 35 35 35 35 35 35
35 35 35 35 35 35 35 35 35 35 35 35 35 35 35 35 35 35 35 35 35 35 35 35 35 35 35 35 35 35 35 35 35 35 35 35 35 35 35 35 35 35 35 35 35 35 35 35 35 35 35 35 35 35 35 35 35 35 35 35 35 35 35 35 35 35 35 35 35 35 35 35 35 35 35 35 35 35 35 35 35 35 35 35 35 35 35 35 35 35 35 35 35 35 35 35 35 35 35 35 35 35 35 35 35 35 35 35 35 35 35 35 35 35 35 35 35 35 35 35 35 35 35 35 35 35 35 35 35 35 35 35 35 35 35 35 35 35 35 35 35 35 35 35 35 35 35 35 35 35 35 35 35 35 35 35 35 35 35 35 35 35 35 35 35 35 35 35 35 35 35 35 35 35 35 35 35 35 35 35 35 35 35 35 35 35 35 35 35 35 35 35 35 35 35 35 35 35 35 35 35 35 35 35 35 35 35 35 35 35 35 35 35 35 35 35 35 35 35 35 35 35 35 35 35 35 35 35 35 35 35 35 35 35 35 35 35 35 35 35 35 35 35 35 35 35 35 35 35 35 35 35 35 35 35 35 35 35 35 35 35 35 35 35 35 35 35 35 35 35 35 35 35 35 35 35 35 35 35 35 35 35 35 35 35 35 35 35 35 35 35 35 35 35 35 35 35 35 35 35 35 35 35 35 35 35 35 35 35 35 35 35 35 35 35 35 35 35 35 35 35 35 35 35 35 35 35 35
35 35 35 35 35 35 35 35 35 35 35 35 35 35 35 35 35 35 35 35 35 35 35 35 35 35 35 35 35 35 35 35 35 35 35 35 35 35 35 35 35 35 35 35 35 35 35 35 35 35 35 35 35 35 35 35 35 35 35 35 35 35 35 35 35 35 35 35 35 35 35 35 35 35 35 35 35 35 35 35 35 35 35 35 35 35 35 35 35 35 35 35 35 35 35 35 35 35 35 35 35 35 35 35 35 35 35 35 35 35 35 35 35 35 35 35 35 35 35 35 35 35 35 35 35 35 35 35 35 35 35 35 35 35 35 35 35 35 35 35 35 35 35 35 35 35 35 35 35 35 35 35 35 35 35 35 35 35 35 35 35 35 35 35 35 35 35 35 35 35 35 35 35 35 35 35 35 35 35 35 35 35 35 35 35 35 35 35 35 35 35 35 35 35 35 35 35 35 35 35 35 35 35 35 35 35 35 35 35 35 35 35 35 35 35 35 35 35 35 35 35 35 35 35 35 35 35 35 35 35 35 35 35 35 35 35 35 35 35 35 35 35 35 35 35 35 35 35 35 35 35 35 35 35 35 35 35 35 35 35 35 35 35 35 35 35 35 35 35 35 35 35 35 35 35 35 35 35 35 35 35 35 35 35 35 35 35 35 35 35 35 35 35 35 35 35 35 35 35 35 35 35 35 35 35 35 35 35 35 35 35 35 35 35 35 35 35 35 35 35 35 35 35 35 35 35 35 35 35 35 35 35 35 35 35 35 35 35 35 35 35 35 35 35 35 35 35 35 35 35 35 35 35 35 35 35 35 35 35 35
35 35 35 35 35 35 35 35 35 35 35 35 35 35 35 35 35 35 35 35 35 35 35 35 35 35 35 35 35 35 35 35 35 35 35 35 35 35 35 35 35 35 35 35 35 35 35 35 35 35 35 35 35 35 35 35 35 35 35 35 35 35 35 35 35 35 35 35 35 35 35 35 35 35 35 35 35 35 35 35 35 35 35 35 35 35 35 35 35 35 35 35 35 35 35 35 35 35 35 35 35 35 35 35 35 35 35 35 35 35 35 35 35 35 35 35 35 35 35 35 35 35 35 35 35 35 35 35 35 35 35 35 35 35 35 35 35 35 35 35 35 35 35 35 35 35 35 35 35 35 35 35 35 35 35 35 35 35 35 35 35 35 35 35 35 35 35 35 35 35 35 35 35 35 35 35 35 35 35 35 35 35 35 35 35 35 35 35 35 35 35 35 35 35 35 35 35 35 35 35 35 35 35 35 35 35 35 35 35 35 35 35 35 35 35 35 35 35 35 35 35 35 35 35 35 35 35 35 35 35 35 35 35 35 35 35 35 35 35 35 35 35 35 35 35 35 35 35 35 35 35 35 35 35 35 35 35 35 35 35 35 35 35 35 35 35 35 35 35 35 35 35 35 35 35 35 35 35 35 35 35 35 35 35 35 35 35 35 35 35 35 35 35 35 35 35 35 35 35 35 35 35 35 35 35 35 35 35 35 35 35 35 35 35 35 35 35 35 35 35 35 35 35 35 35 35 35 35 35 35 35 35 35 35 35 35 35 35 35 35 35 35 35 35 35 35 35 35 35 35 35 35 35 35 35 35 35 35 35 35 35 35 35 35 35 35 35 35 35 35 35 35 35 35 35 35 35 35 35 35
35 35 35 35 35 35 35 35 35 35 35 35 35 35 35 35 35 35 35 35 35 35 35 35 35 35 35 35 35 35 35 35 35 35 35 35 35 35 35 35 35 35 35 35 35 35 35 35 35 35 35 35 35 35 35 35 35 35 35 35 35 35 35 35 35 35 35 35 35 35 35 35 35 35 35 35 35 35 35 35 35 35 35 35 35 35 35 35 35 35 35 35 35 35 35 35 35 35 35 35 35 35 35 35 35 35 35 35 35 35 35 35 35 35 35 35 35 35 35 35 35 35 35 35 35 35 35 35 35 35 35 35 35 35 35 35 35 35 35 35 35 35 35 35 35 35 35 35 35 35 35 35 35 35 35 35 35 35 35 35 35 35 35 35 35 35 35 35 35 35 35 35 35 35 35 35 35 35 35 35 35 35 35 35 35 35 35 35 35 35 35 35 35 35 35 35 35 35 35 35 35 35 35 35 35 35 35 35 35 35 35 35 35 35 35 35 35 35 35 35 35 35 35 35 35 35 35 35 35 35 35 35 35 35 35 35 35 35 35 35 35 35 35 35 35 35 35 35 35 35 35 35 35 35 35 35 35 35 35 35 35 35 35 35 35 35 35 35 35 35 35 35 35 35 35 35 35 35 35 35 35 35 35 35 35 35 35 35 35 35 35 35 35 35 35 35 35 35 35 35 35 35 35 35 35 35 35 35 35 35 35 35 35 35 35 35 35 35 35 35 35 35 35 35 35 35 35 35 35 35 35 35 35 35 35 35 35 35 35 35 35 35 35 35 35 35 35 35 35 35 35 35 35 35 35 35 35 35 35 35 35 35 35 35 35 35 35 35 35 35 35 35 35 35 35 35 35 35 35 35 35 35 35 35 35
35 35 35 35 35 35 35 35 35 35 35 35 35 35 35 35 35 35 35 35 35 35 35 35 35 35 35 35 35 35 35 35 35 35 35 35 35 35 35 35 35 35 35 35 35 35 35 35 35 35 35 35 35 35 35 35 35 35 35 35 35 35 35 35 35 35 35 35 35 35 35 35 35 35 35 35 35 35 35 35 35 35 35 35 35 35 35 35 35 35 35 35 35 35 35 35 35 35 35 35 35 35 35 35 35 35 35 35 35 35 35 35 35 35 35 35 35 35 35 35 35 35 35 35 35 35 35 35 35 35 35 35 35 35 35 35 35 35 35 35 35 35 35 35 35 35 35 35 35 35 35 35 35 35 35 35 35 35 35 35 35 35 35 35 35 35 35 35 35 35 35 35 35 35 35 35 35 35 35 35 35 35 35 35 35 35 35 35 35 35 35 35 35 35 35 35 35 35 35 35 35 35 35 35 35 35 35 35 35 35 35 35 35 35 35 35 35 35 35 35 35 35 35 35 35 35 35 35 35 35 35 35 35 35 35 35 35 35 35 35 35 35 35 35 35 35 35 35 35 35 35 35 35 35 35 35 35 35 35 35 35 35 35 35 35 35 35 35 35 35 35 35 35 35 35 35 35 35 35 35 35 35 35 35 35 35 35 35 35 35 35 35 35 35 35 35 35 35 35 35 35 35 35 35 35 35 35 35 35 35 35 35 35 35 35 35 35 35 35 35 35 35 35 35 35 35 35 35 35 35 35 35 35 35 35 35 35 35 35 35 35 35 35 35 35 35 35 35 35 35 35 35 35 35 35 35 35 35 35 35 35 35 35 35 35 35 35 35 35 35 35 35 35 35 35 35 35 35 35 35 35 35 35 35 35 35 35 35 35 35
35 35 35 35 35 35 35 35 35 35 35 35 35 35 35 35 35 35 35 35 35 35 35 35 35 35 35 35 35 35 35 35 35 35 35 35 35 35 35 35 35 35 35 35 35 35 35 35 35 35 35 35 35 35 35 35 35 35 35 35 35 35 35 35 35 35 35 35 35 35 35 35 35 35 35 35 35 35 35 35 35 35 35 35 35 35 35 35 35 35 35 35 35 35 35 35 35 35 35 35 35 35 35 35 35 35 35 35 35 35 35 35 35 35 35 35 35 35 35 35 35 35 35 35 35 35 35 35 35 35 35 35 35 35 35 35 35 35 35 35 35 35 35 35 35 35 35 35 35 35 35 35 35 35 35 35 35 35 35 35 35 35 35 35 35 35 35 35 35 35 35 35 35 35 35 35 35 35 35 35 35 35 35 35 35 35 35 35 35 35 35 35 35 35 35 35 35 35 35 35 35 35 35 35 35 35 35 35 35 35 35 35 35 35 35 35 35 35 35 35 35 35 35 35 35 35 35 35 35 35 35 35 35 35 35 35 35 35 35 35 35 35 35 35 35 35 35 35 35 35 35 35 35 35 35 35 35 35 35 35 35 35 35 35 35 35 35 35 35 35 35 35 35 35 35 35 35 35 35 35 35 35 35 35 35 35 35 35 35 35 35 35 35 35 35 35 35 35 35 35 35 35 35 35 35 35 35 35 35 35 35 35 35 35 35 35 35 35 35 35 35 35 35 35 35 35 35 35 35 35 35 35 35 35 35 35 35 35 35 35 35 35 35 35 35 35 35 35 35 35 35 35 35 35 35 35 35 35 35 35 35 35 35 35 35 35 35 35 35 35 35 35 35 35 35
35 35 35 35 35 35 35 35 35 35 35 35 35 35 35 35 35 35 35 35 35 35 35 35 35 35 35 35 35 35 35 35 35 35 35 35 35 35 35 35 35 35 35 35 35 35 35 35 35 35 35 35 35 35 35 35 35 35 35 35 35 35 35 35 35 35 35 35 35 35 35 35 35 35 35 35 35 35 35 35 35 35 35 35 35 35 35 35 35 35 35 35 35 35 35 35 35 35 35 35 35 35 35 35 35 35 35 35 35 35 35 35 35 35 35 35 35 35 35 35 35 35 35 35 35 35 35 35 35 35 35 35 35 35 35 35 35 35 35 35 35 35 35 35 35 35 35 35 35 35 35 35 35 35 35 35 35 35 35 35 35 35 35 35 35 35 35 35 35 35 35 35 35 35 35 35 35 35 35 35 35 35 35 35 35 35 35 35 35 35 35 35 35 35 35 35 35 35 35 35 35 35 35 35 35 35 35 35 35 35 35 35 35 35 35 35 35 35 35 35 35 35 35 35 35 35 35 35 35 35 35 35 35 35 35 35 35 35 35 35 35 35 35 35 35 35 35 35 35 35 35 35 35 35 35 35 35 35 35 35 35 35 35 35 35 35 35 35 35 35 35 35 35 35 35 35 35 35 35 35 35 35 35 35 35 35 35 35 35 35 35 35 35 35 35 35 35 35 35 35 35 35 35 35 35 35 35 35 35 35 35 35 35 35 35 35 35 35 35 35 35 35 35 35 35 35 35 35 35 35 35 35 35 35 35 35 35 35 35 35 35 35 35 35 35 35 35 35 35 35 35 35 35 35 35 35 35 35 35 35 35 35 35 35 35 35 35 35 35 35 35 35 35 35 35 35 35 35 35 35 35 35 35 35 35 35 35 35 35 35 35 35 35 35 35 35 35 35 35 35 35 35 35 35 35 35 35 35 35 35 35 35 35 35 35 35 35 35 35 35 35 35
35 35 35 35 35 35 35 35 35 35 35 35 35 35 35 35 35 35 35 35 35 35 35 35 35 35 35 35 35 35 35 35 35 35 35 35 35 35 35 35 35 35 35 35 35 35 35 35 35 35 35 35 35 35 35 35 35 35 35 35 35 35 35 35 35 35 35 35 35 35 35 35 35 35 35 35 35 35 35 35 35 35 35 35 35 35 35 35 35 35 35 35 35 35 35 35 35 35 35 35 35 35 35 35 35 35 35 35 35 35 35 35 35 35 35 35 35 35 35 35 35 35 35 35 35 35 35 35 35 35 35 35 35 35 35 35 35 35 35 35 35 35 35 35 35 35 35 35 35 35 35 35 35 35 35 35 35 35 35 35 35 35 35 35 35 35 35 35 35 35 35 35 35 35 35 35 35 35 35 35 35 35 35 35 35 35 35 35 35 35 35 35 35 35 35 35 35 35 35 35 35 35 35 35 35 35 35 35 35 35 35 35 35 35 35 35 35 35 35 35 35 35 35 35 35 35 35 35 35 35 35 35 35 35 35 35 35 35 35 35 35 35 35 35 35 35 35 35 35 35 35 35 35 35 35 35 35 35 35 35 35 35 35 35 35 35 35 35 35 35 35 35 35 35 35 35 35 35 35 35 35 35 35 35 35 35 35 35 35 35 35 35 35 35 35 35 35 35 35 35 35 35 35 35 35 35 35 35 35 35 35 35 35 35 35 35 35 35 35 35 35 35 35 35 35 35 35 35 35 35 35 35 35 35 35 35 35 35 35 35 35 35 35 35 35 35 35 35 35 35 35 35 35 35 35 35 35 35 35 35 35 35 35 35 35 35 35 35 35 35 35 35 35 35 35 35 35 35 35 35 35 35 35 35 35 35 35 35 35 35 35 35 35 35
35 35 35 35 35 35 35 35 35 35 35 35 35 35 35 35 35 35 35 35 35 35 35 35 35 35 35 35 35 35 35 35 35 35 35 35 35 35 35 35 35 35 35 35 35 35 35 35 35 35 35 35 35 35 35 35 35 35 35 35 35 35 35 35 35 35 35 35 35 35 35 35 35 35 35 35 35 35 35 35 35 35 35 35 35 35 35 35 35 35 35 35 35 35 35 35 35 35 35 35 35 35 35 35 35 35 35 35 35 35 35 35 35 35 35 35 35 35 35 35 35 35 35 35 35 35 35 35 35 35 35 35 35 35 35 35 35 35 35 35 35 35 35 35 35 35 35 35 35 35 35 35 35 35 35 35 35 35 35 35 35 35 35 35 35 35 35 35 35 35 35 35 35 35 35 35 35 35 35 35 35 35 35 35 35 35 35 35 35 35 35 35 35 35 35 35 35 35 35 35 35 35 35 35 35 35 35 35 35 35 35 35 35 35 35 35 35 35 35 35 35 35 35 35 35 35 35 35 35 35 35 35 35 35 35 35 35 35 35 35 35 35 35 35 35 35 35 35 35 35 35 35 35 35 35 35 35 35 35 35 35 35 35 35 35 35 35 35 35 35 35 35 35 35 35 35 35 35 35 35 35 35 35 35 35 35 35 35 35 35 35 35 35 35 35 35 35 35 35 35 35 35 35 35 35 35 35 35 35 35 35 35 35 35 35 35 35 35 35 35 35 35 35 35 35 35 35 35 35 35 35 35 35 35 35 35 35 35 35 35 35 35 35 35 35 35 35 35 35 35 35 35 35
35 35 35 35 35 35 35 35 35 35 35 35 35 35 35 35 35 35 35 35 35 35 35 35 35 35 35 35 35 35 35 35 35 35 35 35 35 35 35 35 35 35 35 35 35 35 35 35 35 35 35 35 35 35 35 35 35 35 35 35 35 35 35 35 35 35 35 35 35 35 35 35 35 35 35 35 35 35 35 35 35 35 35 35 35 35 35 35 35 35 35 35 35 35 35 35 35 35 35 35 35 35 35 35 35 35 35 35 35 35 35 35 35 35 35 35 35 35 35 35 35 35 35 35 35 35 35 35 35 35 35 35 35 35 35 35 35 35 35 35 35 35 35 35 35 35 35 35 35 35 35 35 35 35 35 35 35 35 35 35 35 35 35 35 35 35 35 35 35 35 35 35 35 35 35 35 35 35 35 35 35 35 35 35 35 35 35 35 35 35 35 35 35 35 35 35 35 35 35 35 35 35 35 35 35 35 35 35 35 35 35 35 35 35 35 35 35 35 35 35 35 35 35 35 35 35 35 35 35 35 35 35 35 35 35 35 35 35 35 35 35 35 35 35 35 35 35 35 35 35 35 35 35 35 35 35 35 35 35 35 35 35 35 35 35 35 35 35 35 35 35 35 35 35 35 35 35 35 35 35 35 35 35 35 35 35 35 35 35 35 35 35 35 35 35 35 35 35 35 35 35 35 35 35 35 35 35 35 35 35 35 35 35 35 35 35 35 35 35 35 35 35 35 35 35 35 35 35 35 35 35 35 35 35 35 35 35 35 35 35 35 35 35
35 35 35 35 35 35 35 35 35 35 35 35 35 35 35 35 35 35 35 35 35 35 35 35 35 35 35 35 35 35 35 35 35 35 35 35 35 35 35 35 35 35 35 35 35 35 35 35 35 35 35 35 35 35 35 35 35 35 35 35 35 35 35 35 35 35 35 35 35 35 35 35 35 35 35 35 35 35 35 35 35 35 35 35 35 35 35 35 35 35 35 35 35 35 35 35 35 35 35 35 35 35 35 35 35 35 35 35 35 35 35 35 35 35 35 35 35 35 35 35 35 35 35 35 35 35 35 35 35 35 35 35 35 35 35 35 35 35 35 35 35 35 35 35 35 35 35 35 35 35 35 35 35 35 35 35 35 35 35 35 35 35 35 35 35 35 35 35 35 35 35 35 35 35 35 35 35 35 35 35 35 35 35 35 35 35 35 35 35 35 35 35 35 35 35 35 35 35 35 35 35 35 35 35 35 35 35 35 35 35 35 35 35 35 35 35 35 35 35 35 35 35 35 35 35 35 35 35 35 35 35 35 35 35 35 35 35 35 35 35 35 35 35 35 35 35 35 35 35 35 35 35 35 35 35 35 35 35 35 35 35 35 35 35 35 35 35 35 35 35 35 35 35 35 35 35 35 35 35 35 35 35 35 35 35 35 35 35 35 35 35 35 35 35 35 35 35 35 35 35 35 35 35 35 35 35 35 35 35 35 35 35 35 35 35 35 35 35 35 35 35 35 35 35 35 35 35 35 35 35 35 35 35 35 35 35 35 35 35 35 35 35 35 35 35 35 35 35 35 35 35 35 35 35 35 35 35 35 35 35 35 35 35 35 35 35 35 35 35 35 35 35 35 35 35 35 35 35 35 35 35 35 35 35 35 35 35 35
35 35 35 35 35 35 35 35 35 35 35 35 35 35 35 35 35 35 35 35 35 35 35 35 35 35 35 35 35 35 35 35 35 35 35 35 35 35 35 35 35 35 35 35 35 35 35 35 35 35 35 35 35 35 35 35 35 35 35 35 35 35 35 35 35 35 35 35 35 35 35 35 35 35 35 35 35 35 35 35 35 35 35 35 35 35 35 35 35 35 35 35 35 35 35 35 35 35 35 35 35 35 35 35 35 35 35 35 35 35 35 35 35 35 35 35 35 35 35 35 35 35 35 35 35 35 35 35 35 35 35 35 35 35 35 35 35 35 35 35 35 35 35 35 35 35 35 35 35 35 35 35 35 35 35 35 35 35 35 35 35 35 35 35 35 35 35 35 35 35 35 35 35 35 35 35 35 35 35 35 35 35 35 35 35 35 35 35 35 35 35 35 35 35 35 35 35 35 35 35 35 35 35 35 35 35 35 35 35 35 35 35 35 35 35 35 35 35 35 35 35 35 35 35 35 35 35 35 35 35 35 35 35 35 35 35 35 35 35 35 35 35 35 35 35 35 35 35 35 35 35 35 35 35 35 35 35 35 35 35 35 35 35 35 35 35 35 35 35 35 35 35 35 35 35 35 35 35 35 35 35 35 35 35 35 35 35 35 35 35 35 35 35 35 35 35 35 35 35 35 35 35 35 35 35 35 35 35 35 35 35 35 35 35 35 35 35 35 35 35 35 35 35 35 35 35 35 35 35 35 35 35 35 35 35 35 35 35 35 35 35 35 35 35 35 35 35 35 35 35 35 35 35 35 35 35 35 35 35 35 35 35 35 35 35 35 35 35 35 35 35 35 35 35 35 35 35 35 35 35 35 35 35 35 35 35 35 35 35 35 35 35 35 35 35 35 35 35 35 35 35 35 35 35 35 35 35 35 35 35 35 35 35 35 35
35 35 35 35 35 35 35 35 35 35 35 35 35 35 35 35 35 35 35 35 35 35 35 35 35 35 35 35 35 35 35 35 35 35 35 35 35 35 35 35 35 35 35 35 35 35 35 35 35 35 35 35 35 35 35 35 35 35 35 35 35 35 35 35 35 35 35 35 35 35 35 35 35 35 35 35 35 35 35 35 35 35 35 35 35 35 35 35 35 35 35 35 35 35 35 35 35 35 35 35 35 35 35 35 35 35 35 35 35 35 35 35 35 35 35 35 35 35 35 35 35 35 35 35 35 35 35 35 35 35 35 35 35 35 35 35 35 35 35 35 35 35 35 35 35 35 35 35 35 35 35 35 35 35 35 35 35 35 35 35 35 35 35 35 35 35 35 35 35 35 35 35 35 35 35 35 35 35 35 35 35 35 35 35 35 35 35 35 35 35 35 35 35 35 35 35 35 35 35 35 35 35 35 35 35 35 35 35 35 35 35 35 35 35 35 35 35 35 35 35 35 35 35 35 35 35 35 35 35 35 35 35 35 35 35 35 35 35 35 35 35 35 35 35 35 35 35 35 35 35 35 35 35 35 35 35 35 35 35 35 35 35 35 35 35 35 35 35 35 35 35 35 35 35 35 35 35 35 35 35 35 35 35 35 35 35 35 35 35 35 35 35 35 35 35 35 35 35 35 35 35 35 35 35 35 35 35 35 35 35 35 35 35 35 35 35 35 35 35 35 35 35 35 35 35 35 35 35 35 35 35 35 35 35 35 35 35 35 35 35 35 35 35 35 35 35 35 35 35 35 35 35 35 35 35 35 35 35 35 35 35 35 35 35 35 35 35 35 35 35 35 35 35 35 35 35 35 35 35 35 35 35 35 35 35 35 35 35 35 35 35 35 35 35
35 35 35 35 35 35 35 35 35 35 35 35 35 35 35 35 35 35 35 35 35 35 35 35 35 35 35 35 35 35 35 35 35 35 35 35 35 35 35 35 35 35 35 35 35 35 35 35 35 35 35 35 35 35 35 35 35 35 35 35 35 35 35 35 35 35 35 35 35 35 35 35 35 35 35 35 35 35 35 35 35 35 35 35 35 35 35 35 35 35 35 35 35 35 35 35 35 35 35 35 35 35 35 35 35 35 35 35 35 35 35 35 35 35 35 35 35 35 35 35 35 35 35 35 35 35 35 35 35 35 35 35 35 35 35 35 35 35 35 35 35 35 35 35 35 35 35 35 35 35 35 35 35 35 35 35 35 35 35 35 35 35 35 35 35 35 35 35 35 35 35 35 35 35 35 35 35 35 35 35 35 35 35 35 35 35 35 35 35 35 35 35 35 35 35 35 35 35 35 35 35 35 35 35 35 35 35 35 35 35 35 35 35 35 35 35 35 35 35 35 35 35 35 35 35 35 35 35 35 35 35 35 35 35 35 35 35 35 35 35 35 35 35 35 35 35 35 35 35 35 35 35 35 35 35 35 35 35 35 35 35 35 35 35 35 35 35 35 35 35 35 35 35 35 35 35 35 35 35 35 35 35 35 35 35 35 35 35 35 35 35 35 35 35 35 35 35 35 35 35 35 35 35 35 35 35 35 35 35 35 35 35 35 35 35 35 35 35 35 35 35 35 35 35 35 35 35 35 35 35 35 35 35 35 35 35 35 35 35 35 35 35 35 35 35 35 35 35 35 35 35 35 35 35 35 35 35 35 35 35 35 35 35 35 35 35 35 35 35 35 35 35 35 35 35 35 35 35 35 35 35
35 35 35 35 35 35 35 35 35 35 35 35 35 35 35 35 35 35 35 35 35 35 35 35 35 35 35 35 35 35 35 35 35 35 35 35 35 35 35 35 35 35 35 35 35 35 35 35 35 35 35 35 35 35 35 35 35 35 35 35 35 35 35 35 35 35 35 35 35 35 35 35 35 35 35 35 35 35 35 35 35 35 35 35 35 35 35 35 35 35 35 35 35 35 35 35 35 35 35 35 35 35 35 35 35 35 35 35 35 35 35 35 35 35 35 35 35 35 35 35 35 35 35 35 35 35 35 35 35 35 35 35 35 35 35 35 35 35 35 35 35 35 35 35 35 35 35 35 35 35 35 35 35 35 35 35 35 35 35 35 35 35 35 35 35 35 35 35 35 35 35 35 35 35 35 35 35 35 35 35 35 35 35 35 35 35 35 35 35 35 35 35 35 35 35 35 35 35 35 35 35 35 35 35 35 35 35 35 35 35 35 35 35 35 35 35 35 35 35 35 35 35 35 35 35 35 35 35 35 35 35 35 35 35 35 35 35 35 35 35 35 35 35 35 35 35 35 35 35 35 35 35 35 35 35 35 35 35 35 35 35 35 35 35 35 35 35 35 35 35 35 35 35 35 35 35 35 35 35 35 35 35 35 35 35 35 35 35 35 35 35 35 35 35 35 35 35 35 35 35 35 35 35 35 35 35 35 35 35 35 35 35 35 35 35 35 35 35 35 35 35 35 35 35 35 35 35 35 35 35 35 35 35 35 35 35 35 35 35 35 35 35 35 35 35 35 35 35 35 35 35 35 35 35 35 35 35 35 35 35 35 35 35 35 35 35 35 35 35 35 35 35 35 35 35 35
35 35 35 35 35 35 35 35 35 35 35 35 35 35 35 35 35 35 35 35 35 35 35 35 35 35 35 35 35 35 35 35 35 35 35 35 35 35 35 35 35 35 35 35 35 35 35 35 35 35 35 35 35 35 35 35 35 35 35 35 35 35 35 35 35 35 35 35 35 35 35 35 35 35 35 35 35 35 35 35 35 35 35 35 35 35 35 35 35 35 35 35 35 35 35 35 35 35 35 35 35 35 35 35 35 35 35 35 35 35 35 35 35 35 35 35 35 35 35 35 35 35 35 35 35 35 35 35 35 35 35 35 35 35 35 35 35 35 35 35 35 35 35 35 35 35 35 35 35 35 35 35 35 35 35 35 35 35 35 35 35 35 35 35 35 35 35 35 35 35 35 35 35 35 35 35 35 35 35 35 35 35 35 35 35 35 35 35 35 35 35 35 35 35 35 35 35 35 35 35 35 35 35 35 35 35 35 35 35 35 35 35 35 35 35 35 35 35 35 35 35 35 35 35 35 35 35 35 35 35 35 35 35 35 35 35 35 35 35 35 35 35 35 35 35 35 35 35 35 35 35 35 35 35 35 35 35 35 35 35 35 35 35 35 35 35 35 35 35 35 35 35 35 35 35 35 35 35 35 35 35 35 35 35 35 35 35 35 35 35 35 35 35 35 35 35 35 35 35 35 35 35 35 35 35 35 35 35 35 35 35 35 35 35 35 35 35 35 35 35 35 35 35 35 35 35 35 35 35 35 35 35 35 35 35 35 35 35 35 35 35 35 35 35 35 35 35 35 35 35
35 35 35 35 35 35 35 35 35 35 35 35 35 35 35 35 35 35 35 35 35 35 35 35 35 35 35 35 35 35 35 35 35 35 35 35 35 35 35 35 35 35 35 35 35 35 35 35 35 35 35 35 35 35 35 35 35 35 35 35 35 35 35 35 35 35 35 35 35 35 35 35 35 35 35 35 35 35 35 35 35 35 35 35 35 35 35 35 35 35 35 35 35 35 35 35 35 35 35 35 35 35 35 35 35 35 35 35 35 35 35 35 35 35 35 35 35 35 35 35 35 35 35 35 35 35 35 35 35 35 35 35 35 35 35 35 35 35 35 35 35 35 35 35 35 35 35 35 35 35 35 35 35 35 35 35 35 35 35 35 35 35 35 35 35 35 35 35 35 35 35 35 35 35 35 35 35 35 35 35 35 35 35 35 35 35 35 35 35 35 35 35 35 35 35 35 35 35 35 35 35 35 35 35 35 35 35 35 35 35 35 35 35 35 35 35 35 35 35 35 35 35 35 35 35 35 35 35 35 35 35 35 35 35 35 35 35 35 35 35 35 35 35 35 35 35 35 35 35 35 35 35 35 35 35 35 35 35 35 35 35 35 35 35 35 35 35 35 35 35 35 35 35 35 35 35 35 35 35 35 35 35 35 35 35 35 35 35 35 35 35 35 35 35 35 35 35 35 35 35 35 35 35 35 35 35 35 35 35 35 35 35 35 35 35 35 35 35 35 35 35 35 35 35 35 35 35 35 35 35 35 35 35 35 35 35 35 35 35 35 35 35 35 35 35 35 35 35 35 35 35 35 35 35 35 35 35 35 35 35 35 35 35 35 35 35 35 35 35 35 35 35 35 35 35 35 35 35 35 35 35 35 35 35 35 35 35 35 35 35 35 35 35 35 35 35 35 35 35 35 35 35 35 35
35 35 35 35 35 35 35 35 35 35 35 35 35 35 35 35 35 35 35 35 35 35 35 35 35 35 35 35 35 35 35 35 35 35 35 35 35 35 35 35 35 35 35 35 35 35 35 35 35 35 35 35 35 35 35 35 35 35 35 35 35 35 35 35 35 35 35 35 35 35 35 35 35 35 35 35 35 35 35 35 35 35 35 35 35 35 35 35 35 35 35 35 35 35 35 35 35 35 35 35 35 35 35 35 35 35 35 35 35 35 35 35 35 35 35 35 35 35 35 35 35 35 35 35 35 35 35 35 35 35 35 35 35 35 35 35 35 35 35 35 35 35 35 35 35 35 35 35 35 35 35 35 35 35 35 35 35 35 35 35 35 35 35 35 35 35 35 35 35 35 35 35 35 35 35 35 35 35 35 35 35 35 35 35 35 35 35 35 35 35 35 35 35 35 35 35 35 35 35 35 35 35 35 35 35 35 35 35 35 35 35 35 35 35 35 35 35 35 35 35 35 35 35 35 35 35 35 35 35 35 35 35 35 35 35 35 35 35 35 35 35 35 35 35 35 35 35 35 35 35 35 35 35 35 35 35 35 35 35 35 35 35 35 35 35 35 35 35 35 35 35 35 35 35 35 35 35 35 35 35 35 35 35 35 35 35 35 35 35 35 35 35 35 35 35 35 35 35 35 35 35 35 35 35 35 35 35 35 35 35 35 35 35 35 35 35 35 35 35 35 35 35 35 35 35 35 35 35 35 35 35 35 35 35 35 35 35 35 35 35 35 35 35 35 35 35 35 35 35 35 35 35 35 35 35 35 35 35 35 35 35 35 35 35 35 35 35 35 35 35 35 35 35 35 35 35 35 35 35 35 35 35 35 35 35 35 35 35 35 35 35 35 35 35 35 35 35 35 35 35 35 35 35 35 35 35 35 35 35 35
35 35 35 35 35 35 35 35 35 35 35 35 35 35 35 35 35 35 35 35 35 35 35 35 35 35 35 35 35 35 35 35 35 35 35 35 35 35 35 35 35 35 35 35 35 35 35 35 35 35 35 35 35 35 35 35 35 35 35 35 35 35 35 35 35 35 35 35 35 35 35 35 35 35 35 35 35 35 35 35 35 35 35 35 35 35 35 35 35 35 35 35 35 35 35 35 35 35 35 35 35 35 35 35 35 35 35 35 35 35 35 35 35 35 35 35 35 35 35 35 35 35 35 35 35 35 35 35 35 35 35 35 35 35 35 35 35 35 35 35 35 35 35 35 35 35 35 35 35 35 35 35 35 35 35 35 35 35 35 35 35 35 35 35 35 35 35 35 35 35 35 35 35 35 35 35 35 35 35 35 35 35 35 35 35 35 35 35 35 35 35 35 35 35 35 35 35 35 35 35 35 35 35 35 35 35 35 35 35 35 35 35 35 35 35 35 35 35 35 35 35 35 35 35 35 35 35 35 35 35 35 35 35 35 35 35 35 35 35 35 35 35 35 35 35 35 35 35 35 35 35 35 35 35 35 35 35 35 35 35 35 35 35 35 35 35 35 35 35 35 35 35 35 35 35 35 35 35 35 35 35 35 35 35 35 35 35 35 35 35 35 35 35 35 35 35 35 35 35 35 35 35 35 35 35 35 35 35 35 35 35 35 35 35 35 35 35 35 35 35 35 35 35 35 35 35 35 35 35 35 35 35 35 35 35 35 35 35 35 35 35 35 35 35 35 35 35 35 35 35 35 35 35 35 35 35 35 35 35 35 35 35 35
35 35 35 35 35 35 35 35 35 35 35 35 35 35 35 35 35 35 35 35 35 35 35 35 35 35 35 35 35 35 35 35 35 35 35 35 35 35 35 35 35 35 35 35 35 35 35 35 35 35 35 35 35 35 35 35 35 35 35 35 35 35 35 35 35 35 35 35 35 35 35 35 35 35 35 35 35 35 35 35 35 35 35 35 35 35 35 35 35 35 35 35 35 35 35 35 35 35 35 35 35 35 35 35 35 35 35 35 35 35 35 35 35 35 35 35 35 35 35 35 35 35 35 35 35 35 35 35 35 35 35 35 35 35 35 35 35 35 35 35 35 35 35 35 35 35 35 35 35 35 35 35 35 35 35 35 35 35 35 35 35 35 35 35 35 35 35 35 35 35 35 35 35 35 35 35 35 35 35 35 35 35 35 35 35 35 35 35 35 35 35 35 35 35 35 35 35 35 35 35 35 35 35 35 35 35 35 35 35 35 35 35 35 35 35 35 35 35 35 35 35 35 35 35 35 35 35 35 35 35 35 35 35 35 35 35 35 35 35 35 35 35 35 35 35 35 35 35 35 35 35 35 35 35 35 35 35 35 35 35 35 35 35 35 35 35 35 35 35 35 35 35 35 35 35 35 35 35 35 35 35 35 35 35 35 35 35 35 35 35 35 35 35 35 35 35 35 35 35 35 35 35 35 35 35 35 35 35 35 35 35 35 35 35 35 35 35 35 35 35 35 35 35 35 35 35 35 35 35 35 35 35 35 35 35 35 35 35 35 35 35 35 35 35 35 35 35 35 35 35 35 35 35 35 35 35 35 35
35 35 35 35 35 35 35 35 35 35 35 35 35 35 35 35 35 35 35 35 35 35 35 35 35 35 35 35 35 35 35 35 35 35 35 35 35 35 35 35 35 35 35 35 35 35 35 35 35 35 35 35 35 35 35 35 35 35 35 35 35 35 35 35 35 35 35 35 35 35 35 35 35 35 35 35 35 35 35 35 35 35 35 35 35 35 35 35 35 35 35 35 35 35 35 35 35 35 35 35 35 35 35 35 35 35 35 35 35 35 35 35 35 35 35 35 35 35 35 35 35 35 35 35 35 35 35 35 35 35 35 35 35 35 35 35 35 35 35 35 35 35 35 35 35 35 35 35 35 35 35 35 35 35 35 35 35 35 35 35 35 35 35 35 35 35 35 35 35 35 35 35 35 35 35 35 35 35 35 35 35 35 35 35 35 35 35 35 35 35 35 35 35 35 35 35 35 35 35 35 35 35 35 35 35 35 35 35 35 35 35 35 35 35 35 35 35 35 35 35 35 35 35 35 35 35 35 35 35 35 35 35 35 35 35 35 35 35 35 35 35 35 35 35 35 35 35 35 35 35 35 35 35 35 35 35 35 35 35 35 35 35 35 35 35 35 35 35 35 35 35 35 35 35 35 35 35 35 35 35 35 35 35 35 35 35 35 35 35 35 35 35 35 35 35 35 35 35 35 35 35 35 35 35 35 35 35 35 35 35 35 35 35 35 35 35 35 35 35 35 35 35 35 35 35 35 35 35 35 35 35 35 35 35 35 35 35 35 35 35 35 35 35 35 35 35 35 35 35 35 35 35 35 35 35 35 35 35 35 35 35 35 35 35 35 35 35 35 35 35 35 35 35 35 35 35 35 35 35 35 35 35 35 35 35
35 35 35 35 35 35 35 35 35 35 35 35 35 35 35 35 35 35 35 35 35 35 35 35 35 35 35 35 35 35 35 35 35 35 35 35 35 35 35 35 35 35 35 35 35 35 35 35 35 35 35 35 35 35 35 35 35 35 35 35 35 35 35 35 35 35 35 35 35 35 35 35 35 35 35 35 35 35 35 35 35 35 35 35 35 35 35 35 35 35 35 35 35 35 35 35 35 35 35 35 35 35 35 35 35 35 35 35 35 35 35 35 35 35 35 35 35 35 35 35 35 35 35 35 35 35 35 35 35 35 35 35 35 35 35 35 35 35 35 35 35 35 35 35 35 35 35 35 35 35 35 35 35 35 35 35 35 35 35 35 35 35 35 35 35 35 35 35 35 35 35 35 35 35 35 35 35 35 35 35 35 35 35 35 35 35 35 35 35 35 35 35 35 35 35 35 35 35 35 35 35 35 35 35 35 35 35 35 35 35 35 35 35 35 35 35 35 35 35 35 35 35 35 35 35 35 35 35 35 35 35 35 35 35 35 35 35 35 35 35 35 35 35 35 35 35 35 35 35 35 35 35 35 35 35 35 35 35 35 35 35 35 35 35 35 35 35 35 35 35 35 35 35 35 35 35 35 35 35 35 35 35 35 35 35 35 35 35 35 35 35 35 35 35 35 35 35 35 35 35 35 35 35 35 35 35 35 35 35 35 35 35 35 35 35 35 35 35 35 35 35 35 35 35 35 35 35 35 35 35 35 35 35 35 35 35 35 35 35 35 35 35 35 35 35 35 35 35 35 35 35 35 35 35 35 35 35 35 35 35 35 35 35 35 35 35 35 35 35 35 35 35 35 35 35 35 35 35 35 35 35 35 35 35 35
35 35 35 35 35 35 35 35 35 35 35 35 35 35 35 35 35 35 35 35 35 35 35 35 35 35 35 35 35 35 35 35 35 35 35 35 35 35 35 35 35 35 35 35 35 35 35 35 35 35 35 35 35 35 35 35 35 35 35 35 35 35 35 35 35 35 35 35 35 35 35 35 35 35 35 35 35 35 35 35 35 35 35 35 35 35 35 35 35 35 35 35 35 35 35 35 35 35 35 35 35 35 35 35 35 35 35 35 35 35 35 35 35 35 35 35 35 35 35 35 35 35 35 35 35 35 35 35 35 35 35 35 35 35 35 35 35 35 35 35 35 35 35 35 35 35 35 35 35 35 35 35 35 35 35 35 35 35 35 35 35 35 35 35 35 35 35 35 35 35 35 35 35 35 35 35 35 35 35 35 35 35 35 35 35 35 35 35 35 35 35 35 35 35 35 35 35 35 35 35 35 35 35 35 35 35 35 35 35 35 35 35 35 35 35 35 35 35 35 35 35 35 35 35 35 35 35 35 35 35 35 35 35 35 35 35 35 35 35 35 35 35 35 35 35 35 35 35 35 35 35 35 35 35 35 35 35 35 35 35 35 35 35 35 35 35 35 35 35 35 35 35 35 35 35 35 35 35 35 35 35 35 35 35 35 35 35 35 35 35 35 35 35 35 35 35 35 35 35 35 35 35 35 35 35 35 35 35 35 35 35 35 35
35 35 35 35 35 35 35 35 35 35 35 35 35 35 35 35 35 35 35 35 35 35 35 35 35 35 35 35 35 35 35 35 35 35 35 35 35 35 35 35 35 35 35 35 35 35 35 35 35 35 35 35 35 35 35 35 35 35 35 35 35 35 35 35 35 35 35 35 35 35 35 35 35 35 35 35 35 35 35 35 35 35 35 35 35 35 35 35 35 35 35 35 35 35 35 35 35 35 35 35 35 35 35 35 35 35 35 35 35 35 35 35 35 35 35 35 35 35 35 35 35 35 35 35
1 1 1 1 1 1 1 1 1 1 1 18 1 1 1 1 1 1 1 1 1 1 1 1 1 1 1 1 1
1 1 1 1 1 9 16 9 9 16 1 1 1 1 1 16 9 16 16 16 9 16 31 9 16 1 1 1 1 1 9 16 16 25 31 16 16 16 16 16 16 16 31 1 1 1 1 1 9 16 9 9
1 1 1 1 1 9 16 9 9 16 1 1 1 1 1 16 9 16 16 16 9 16 31 9 16 1 1 1 1 1 9 16 16 25 31 16 16 16 16 16 16 16 31 1 1 1 1 1 9 16 9 9 9 31 9 16 25 9 16 16 16 1 1 1 1 1 9 16 16 16 16 9 16 31 16 16 9 25 25 16 16 9 16 25 16 16 1 1 1 1 1 16 16 16 9 16 31 31 16 9 16 9 9 9 16 9 9 9 16 16
9 31 9 16 25 9 16 16 16 1 1 1 1 1 9 16 16 16 16 9 16 31 16 16 9 25 25 16 16 9 16 25 16 16 1 1 1 1 1 16 16 16 9 16 31 31 16 9 16 9 9 9 16 9 9 9 16 16 1 1 1 1 1 16 16 16 16 16 16 31 31 9 25 9 9 9 31 9 9 16 31 16 16 16 25 16 16 16 16 9 1 1 1 1 1 9 16 9 16 25 16 9 25 16 16 16 9 9 31 31 9 16 16 9 9 16 9 16 16 9 25 16 16 31 1 1 1 1 1 16 16 16 16 16 16 16 9 9 16 25 16 9 16 31 16 9 16 9 16 16 25 25 25 25 9 9 16 16 25 16 16 16 16 1 1 1 1 1 9 9 16 16 16 16 16 9 31 16 16 9 25 9 9 16 16 16 9 16 31 16 9 16 9 16 9 31 9 9 16 9 25 25 16 16
1 1 1 1 1 16 16 16 16 16 16 31 31 9 25 9 9 9 31 9 9 16 31 16 16 16 25 16 16 16 16 9 1 1 1 1 1 9 16 9 16 25 16 9 25 16 16 16 9 9 31 31 9 16 16 9 9 16 9 16 16 9 25 16 16 31 1 1 1 1 1 16 16 16 16 16 16 16 9 9 16 25 16 9 16 31 16 9 16 9 16 16 25 25 25 25 9 9 16 16 25 16 16 16 16 1 1 1 1 1 9 9 16 16 16 16 16 9 31 16 16 9 25 9 9 16 16 16 9 16 31 16 9 16 9 16 9 31 9 9 16 9 25 25 16 16 9 9 9 16 16 25 16 9 9 16 16 25 25 9 16 9 16 16 9 16 9 16 9 16 25 9 16 9 9 16 9 16 25 25 25 16 16 16 25 9 16 9 31 16 9 16 16 16 9 16 25 16 31 16 31 31 16 16 16 25 31 9 25 16 16 16 31 16 9 16 9 16 25 31 16 9 25 9 31 16 16 31 25 16 16 16 31 25 16 31 16 9 25 25 9 16
9 9 9 16 16 25 16 9 9 16 16 25 25 9 16 9 16 16 9 16 9 16 9 16 25 9 16 9 9 16 9 16 25 25 25 16 16 16 25 9 16 9 31 16 9 16 16 16 9 16 25 16 31 16 31 31 16 16 16 25 31 9 25 16 16 16 31 16 9 16 9 16 25 31 16 9 25 9 31 16 16 31 25 16 16 16 31 25 16 31 16 9 25 25 9 16 16 9 16 9 16 9 31 16 16 9 9 16 16 16 9 16 31 16 16 16 16 16 25 9 9 25 16 25 25 25 9 16 16 16 9 25 31 9 25 31 16 16 16 25 25 25 9 16 16 16 9 16 16 16 16 9 9 16 31 16 9 16 16 16 9 9 16 9 31 25 16 9 25 16 9 9 9 9 16 16 16 9 16 16 31 16 16 9 16 9 9 16 16 9 16 16 16 16 16 31 16 16 16 16 16 9 16 16 31 16 31 16 16 25 9 16 16 16 25 16 16 9 9 16 25 9 16 25 16 16 9 16
16 16 16 9 25 31 9 25 31 16 16 16 25 25 25 9 16 16 16 9 16 16 16 16 9 9 16 31 16 9 16 16 16 9 9 16 9 31 25 16 9 25 16 9 9 9 9 16 16 16 9 16 16 31 16 16 9 16 9 9 16 16 9 16 16 16 16 16 31 16 16 16 16 16 9 16 16 31 16 31 16 16 25 9 16 16 16 25 16 16 9 9 16 25 9 16 25 16 16 9 16 31 16 25 16 31 16 16 16 16 31 25 16 9 9 9 9 16 31 9 31 16 25 16 9 16 9 9 16 16 16 9 16 9 25 16 25 25 16 16 9 16 9 16 25 31 16 25 9 16 16 25 16 25 16 16 25 16 16 31 16 16 16 25 16 16 31 9 16 16 16 16 25 16 9 16 25 31 25 16 16 9 31 16 16 16 16 9 16 25 9 9 16 9 16 16 16 9 16 25 9 16 16 16 9 16 16 9 16 9 25 16 16 25 9 31 9 25 16 9 25 9 31 16 9 25 25 16
31 16 25 16 31 16 16 16 16 31 25 16 9 9 9 9 16 31 9 31 16 25 16 9 16 9 9 16 16 16 9 16 9 25 16 25 25 16 16 9 16 9 16 25 31 16 25 9 16 16 25 16 25 16 16 25 16 16 31 16 16 16 25 16 16 31 9 16 16 16 16 25 16 9 16 25 31 25 16 16 9 31 16 16 16 16 9 16 25 9 9 16 9 16 16 16 9 16 25 9 16 16 16 9 16 16 9 16 9 25 16 16 25 9 31 9 25 16 9 25 9 31 16 9 25 25 16 31 16 9 25 16 25 25 16 16 16 16 9 16 16 25 16 9 25 16 9 16 16 16 16 16 31 16 16 25 9 16 31 16 9 9 16 9 16 16 31 9 16 16 16 16 16 16 9 9 9 9 25 31 16 16 9 16 9 16 16 9 9 16 31 25 9 9 31 16 16 16 16 16 31 9 16 31 16 9 16 16 9 9 9 9 16 16 16 16 9 16 25 16 16 9 9 9 9 25
31 16 9 25 16 25 25 16 16 16 16 9 16 16 25 16 9 25 16 9 16 16 16 16 16 31 16 16 25 9 16 31 16 9 9 16 9 16 16 31 9 16 16 16 16 16 16 9 9 9 9 25 31 16 16 9 16 9 16 16 9 9 16 31 25 9 9 31 16 16 16 16 16 31 9 16 31 16 9 16 16 9 9 9 9 16 16 16 16 9 16 25 16 16 9 9 9 9 25 16 16 16 9 25 25 16 16 16 16 31 9 9 31 16 16 31 9 16 9 16 25 9 16 9 25 16 16 25 16 9 9 9 9 9 16 25 9 25 16 16 25 16 9 16 9 16 16 16 9 16 31 16 25 16 9 9 9 9 16 16 16 16 16 25 31 16 16 9 31 16 16 16 16 31 9 9 9 16 9 31 25 16 16 9 9 25 25 25 9 16 9 16 16 31 25 16 9 25 25 25 31 9 16 25 16 9 16 16 9 9 16 16 9 9 9 16 31 9 16 9 16 16 9 25 25
16 16 16 9 25 25 16 16 16 16 31 9 9 31 16 16 31 9 16 9 16 25 9 16 9 25 16 16 25 16 9 9 9 9 9 16 25 9 25 16 16 25 16 9 16 9 16 16 16 9 16 31 16 25 16 9 9 9 9 16 16 16 16 16 25 31 16 16 9 31 16 16 16 16 31 9 9 9 16 9 31 25 16 16 9 9 25 25 25 9 16 9 16 16 31 25 16 9 25 25 25 31 9 16 25 16 9 16 16 9 9 16 16 9 9 9 16 31 9 16 9 16 16 9 25 25 25 25 16 16 16 16 16 16 16 9 16 9 16 16 9 9 25 9 16 16 31 16 16 16 9 16 25 25 9 9 25 16 16 25 9 25 31 9 9 16 9 9 16 16 16 16 16 16 9 9 16 16 9 16 31 16 9 25 31 16 16 16 16 31 25 9 16 31 9 16 16 31 9 25 31 9 16 9 16 16 16 16 16 25 9 25 9 16 16 16 9 9 9 9 16 16 16 16 16 16 16 16 16 16 9 16 16 16
25 25 16 16 16 16 16 16 16 9 16 9 16 16 9 9 25 9 16 16 31 16 16 16 9 16 25 25 9 9 25 16 16 25 9 25 31 9 9 16 9 9 16 16 16 16 16 16 9 9 16 16 9 16 31 16 9 25 31 16 16 16 16 31 25 9 16 31 9 16 16 31 9 25 31 9 16 9 16 16 16 16 16 25 9 25 9 16 16 16 9 9 9 9 16 16 16 16 16 16 16 16 16 16 9 16 16 16 16 25 16 16 16 9 9 9 25 16 9 9 9 9 16 16 25 31 16 25 25 9 16 16 16 16 25 9 31 16 9 9 16 25 16 25 9 9 16 16 16 16 16 31 9 16 31 31 16 16 16 25 9 16 9 16 31 25 16 25 16 16 16 16 16 16 25 16 16 9 9 16 16 16 16 16 16 16 16 16 16 16 25 31 16 25 9 25 16 31 9 16 16 16 16 9 9 16 9 25 16 25 16 16 16 9 25 16 16 16 16 16 25 31 9 25 16 16 16 16 16 16 16 16 25
31 16 9 9 16 25 16 25 9 9 16 16 16 16 16 31 9 16 31 31 16 16 16 25 9 16 9 16 31 25 16 25 16 16 16 16 16 16 25 16 16 9 9 16 16 16 16 16 16 16 16 16 16 16 25 31 16 25 9 25 16 31 9 16 16 16 16 9 9 16 9 25 16 25 16 16 16 9 25 16 16 16 16 16 25 31 9 25 16 16 16 16 16 16 16 16 25 9 9 16 25 9 16 9 25 16 16 9 16 16 16 9 9 16 16 16 25 16 16 16 16 25 25 9 31 16 9 9 9 31 9 25 25 16 16 9 16 31 16 16 25 16 16 9 16 16 9 9 25 16 16 16 16 16 16 16 16 16 16 16 16 31 16 9 16 16 16 25 25 16 16 9 16 25 16 9 16 31 9 16 9 9 25 9 9 9 16 9 16 9 16 9 9 25 9 9 9 16 31 16 16 16 16 16 9 16 16 25 16 9 25 16 16 9 25 16
9 9 16 25 9 16 9 25 16 16 9 16 16 16 9 9 16 16 16 25 16 16 16 16 25 25 9 31 16 9 9 9 31 9 25 25 16 16 9 16 31 16 16 25 16 16 9 16 16 9 9 25 16 16 16 16 16 16 16 16 16 16 16 16 31 16 9 16 16 16 25 25 16 16 9 16 25 16 9 16 31 9 16 9 9 25 9 9 9 16 9 16 9 16 9 9 25 9 9 9 16 31 16 16 16 16 16 9 16 16 25 16 9 25 16 16 9 25 16 9 16 16 16 16 9 16 16 9 16 25 16 16 25 9 25 9 9 9 25 16 25 16 31 16 16 31 9 16 16 9 16 9 31 9 25 16 25 16 9 16 9 16 16 16 31 31 16 25 9 9 25 16 16 25 9 9 25 16 25 16 31 31 9 9 9 9 25 25 16 9 31 25 9 25 25 25 16 9 25 16 16 25 9 31 25 16 16 16 16
9 16 16 16 16 9 16 16 9 16 25 16 16 25 9 25 9 9 9 25 16 25 16 31 16 16 31 9 16 16 9 16 9 31 9 25 16 25 16 9 16 9 16 16 16 31 31 16 25 9 9 25 16 16 25 9 9 25 16 25 16 31 31 9 9 9 9 25 25 16 9 31 25 9 25 25 25 16 9 25 16 16 25 9 31 25 16 16 16 16 16 31 9 25 25 16 9 9 16 9 16 16 9 16 16 25 9 16 16 16 9 16 9 16 16 16 25 16 16 25 16 16 16 25 9 25 16 25 31 25 25 9 16 9 9 9 16 16 16 16 16 9 9 16 16 31 9 16 9 16 25 16 16 9 16 16 16 25 9 9 9 16 31 16 16 9 16 16 16 25 9 9 16 16 16 25 9 16 16 9 9 31 9 16 9 25 9 31 16 9 16 16 16 16 16 31 16 16 31 16 31 9 16 16 16 31 16 16 25 16 16 25 9 16 16 31 16 16
16 31 9 25 25 16 9 9 16 9 16 16 9 16 16 25 9 16 16 16 9 16 9 16 16 16 25 16 16 25 16 16 16 25 9 25 16 25 31 25 25 9 16 9 9 9 16 16 16 16 16 9 9 16 16 31 9 16 9 16 25 16 16 9 16 16 16 25 9 9 9 16 31 16 16 9 16 16 16 25 9 9 16 16 16 25 9 16 16 9 9 31 9 16 9 25 9 31 16 9 16 16 16 16 16 31 16 16 31 16 31 9 16 16 16 31 16 16 25 16 16 25 9 16 16 31 16 16 9 31 9 16 16 16 9 9 9 16 9 16 16 16 9 9 9 25 16 9 16 16 9 9 9 9 31 9 16 16 16 9 9 9 25 16 25 9 9 16 16 31 9 16 16 16 25 16 9 16 16 25 31 16 9 16 16 9 9 16 9 9 16 9 25 9 16 16 16 16 31 25 9 16 9 16 16 16 16 16 16 31 16 16 9 16 16 16 16 25 16 16 16 16 16 9
9 31 9 16 16 16 9 9 9 16 9 16 16 16 9 9 9 25 16 9 16 16 9 9 9 9 31 9 16 16 16 9 9 9 25 16 25 9 9 16 16 31 9 16 16 16 25 16 9 16 16 25 31 16 9 16 16 9 9 16 9 9 16 9 25 9 16 16 16 16 31 25 9 16 9 16 16 16 16 16 16 31 16 16 9 16 16 16 16 25 16 16 16 16 16 9 16 9 31 16 16 16 16 16 16 25 9 16 9 31 16 9 25 16 31 31 16 25 16 31 16 31 16 16 16 25 9 16 16 16 16 9 16 31 16 9 9 31 25 16 9 16 9 16 25 16 9 16 16 25 16 16 9 16 31 16 25 9 31 16 31 16 16 16 25 9 25 9 16 16 16 16 16 25 16 16 9 31 9 9 16 31 16 9 16 16 25 9 16 9 9 16 9 9 16 16 16 9 25 25 25 16 31 9 9 16 16 9 16 16 16 25 16 31 16 16 16 9 16 16 25 16 9 31 16 16 31 16 9 16 16 9 9 16 9
16 9 9 31 25 16 9 16 9 16 25 16 9 16 16 25 16 16 9 16 31 16 25 9 31 16 31 16 16 16 25 9 25 9 16 16 16 16 16 25 16 16 9 31 9 9 16 31 16 9 16 16 25 9 16 9 9 16 9 9 16 16 16 9 25 25 25 16 31 9 9 16 16 9 16 16 16 25 16 31 16 16 16 9 16 16 25 16 9 31 16 16 31 16 9 16 16 9 9 16 9 9 25 16 9 16 9 9 16 9 16 16 9 31 9 16 16 16 9 16 9 16 16 16 16 16 31 16 25 16 25 16 9 16 25 16 16 25 16 16 16 16 16 31 16 16 16 9 25 9 16 9 16 25 16 16 25 16 31 16 25 16 9 16 25 16 9 25 9 9 16 9 16 16 16 25 16 16 16 16 16 16 16 16 16 31 9 25 16 16 25 25 16 16 9 25 9 16 9 31 9 9 16 16 9 9 25 16 16 16 16 16 16 9 16 9 25 16 9 16 9 16 16 16 16 25 16 31 16 9
9 25 16 9 16 9 9 16 9 16 16 9 31 9 16 16 16 9 16 9 16 16 16 16 16 31 16 25 16 25 16 9 16 25 16 16 25 16 16 16 16 16 31 16 16 16 9 25 9 16 9 16 25 16 16 25 16 31 16 25 16 9 16 25 16 9 25 9 9 16 9 16 16 16 25 16 16 16 16 16 16 16 16 16 31 9 25 16 16 25 25 16 16 9 25 9 16 9 31 9 9 16 16 9 9 25 16 16 16 16 16 16 9 16 9 25 16 9 16 9 16 16 16 16 25 16 31 16 9 16 25 31 25 16 9 31 25 16 25 16 25 31 16 16 16 25 16 16 9 25 16 16 16 16 25 16 16 16 16 9 16 25 25 9 9 25 16 16 16 9 16 16 16 9 16 25 9 16 25 9 31 25 16 16 9 16 9 16 16 25 16 16 16 16 16 9 16 25 25 16 16 16 16 25 16 16 16 9 16 16 16 25 16 16 16 16 9 9 25 16 16 16
16 25 31 25 16 9 31 25 16 25 16 25 31 16 16 16 25 16 16 9 25 16 16 16 16 25 16 16 16 16 9 16 25 25 9 9 25 16 16 16 9 16 16 16 9 16 25 9 16 25 9 31 25 16 16 9 16 9 16 16 25 16 16 16 16 16 9 16 25 25 16 16 16 16 25 16 16 16 9 16 16 16 25 16 16 16 16 9 9 25 16 16 16 9 16 16 16 16 9 16 25 9 16 9 16 16 16 25 16 16 16 16 9 16 16 16 9 16 16 31 16 9 16 25 9 31 16 9 16 16 16 16 16 9 9 16 16 25 16 16 16 16 16 9 9 31 16 16 25 9 31 16 25 16 16 16 31 9 9 25 9 31 9 25 9 31 9 16 16 16 16 9 16 16 16 16 16 25 16 16 16 16 25 9 25 16 16 16 9 9 16 31 9 25 16 16 25 9 25 9 9 16 16 16 16 16 25 9 16 16 16 16 9 16 31 25 9 25 16 16 16 16 9 9 16 9 9 25 31 16 16 9
9 16 16 16 16 9 16 25 9 16 9 16 16 16 25 16 16 16 16 9 16 16 16 9 16 16 31 16 9 16 25 9 31 16 9 16 16 16 16 16 9 9 16 16 25 16 16 16 16 16 9 9 31 16 16 25 9 31 16 25 16 16 16 31 9 9 25 9 31 9 25 9 31 9 16 16 16 16 9 16 16 16 16 16 25 16 16 16 16 25 9 25 16 16 16 9 9 16 31 9 25 16 16 25 9 25 9 9 16 16 16 16 16 25 9 16 16 16 16 9 16 31 25 9 25 16 16 16 16 9 9 16 9 9 25 31 16 16 9 16 16 16 9 16 16 16 16 16 9 9 16 16 16 31 9 31 9 16 25 9 9 16 25 16 16 9 9 9 16 16 16 16 31 16 16 9 9 25 25 9 16 9 16 9 9 9 16 16 25 9 16 16 16 16 16 16 25 16 31 16 16 9 9 16 9 16 16 25 31 31 9 16 16 9 31 9 9 9 25 16 9 16 16 16 9 31 9 9 16 9 16 9 16 16 16 25 16 31 16
16 16 16 9 16 16 16 16 16 9 9 16 16 16 31 9 31 9 16 25 9 9 16 25 16 16 9 9 9 16 16 16 16 31 16 16 9 9 25 25 9 16 9 16 9 9 9 16 16 25 9 16 16 16 16 16 16 25 16 31 16 16 9 9 16 9 16 16 25 31 31 9 16 16 9 31 9 9 9 25 16 9 16 16 16 9 31 9 9 16 9 16 9 16 16 16 25 16 31 16 25 16 31 16 16 31 16 31 25 31 16 9 16 25 16 16 16 25 16 16 25 16 25 25 9 31 25 16 31 16 16 25 16 16 9 16 9 31 9 16 25 9 16 9 25 16 16 16 9 31 31 9 25 16 25 25 9 16 25 16 16 9 9 16 16 16 16 9 16 25 31 25 16 25 25 16 16 16 16 31 25 25 9 16 16 16 25 9 16 9 16 9 16 16 25 25 25 16 9 9 16 25 9 9 16 16 16 16 9 9 16 9 9 16 16 16 16 25 31 16 16 16 16 16 16 9 16 16 16
9 31 25 16 31 16 16 25 16 16 9 16 9 31 9 16 25 9 16 9 25 16 16 16 9 31 31 9 25 16 25 25 9 16 25 16 16 9 9 16 16 16 16 9 16 25 31 25 16 25 25 16 16 16 16 31 25 25 9 16 16 16 25 9 16 9 16 9 16 16 25 25 25 16 9 9 16 25 9 9 16 16 16 16 9 9 16 9 9 16 16 16 16 25 31 16 16 16 16 16 16 9 16 16 16 16 16 16 9 16 25 25 31 9 16 25 25 9 16 25 9 25 16 25 25 16 9 9 9 16 9 9 16 16 16 16 16 16 9 16 16 9 16 9 16 9 9 16 25 16 16 9 31 25 16 9 16 16 31 16 16 16 16 9 25 25 16 16 16 31 16 31 16 16 9 25 9 16 9 9 16 16 9 16 16 9 9 9 31 25 31 16 16 9 9 31 9 16 16 9 16 31 25 25 31 9 9 16 16 9 9 16 16 16 16 16 16 9 25 9 16 16 16 25 16 9 25 16 16 16 31 31 25 25 16 16
16 16 16 9 16 25 25 31 9 16 25 25 9 16 25 9 25 16 25 25 16 9 9 9 16 9 9 16 16 16 16 16 16 9 16 16 9 16 9 16 9 9 16 25 16 16 9 31 25 16 9 16 16 31 16 16 16 16 9 25 25 16 16 16 31 16 31 16 16 9 25 9 16 9 9 16 16 9 16 16 9 9 9 31 25 31 16 16 9 9 31 9 16 16 9 16 31 25 25 31 9 9 16 16 9 9 16 16 16 16 16 16 9 25 9 16 16 16 25 16 9 25 16 16 16 31 31 25 25 16 16 16 25 25 16 16 16 16 16 9 25 16 9 31 9 16 16 25 31 25 9 9 9 16 31 25 9 25 16 31 16 25 25 16 25 16 16 16 16 25 9 25 9 25 16 16 25 16 31 16 31 16 16 25 16 16 25 16 25 16 16 16 25 16 16 31 25 9 16 9 16 9 31 16 25 16 9 9 16 9 31 16 31 16 31 16 16 16 9 9 16 16 16 9 9 9 31 9 9 16 16 9 16
16 25 25 16 16 16 16 16 9 25 16 9 31 9 16 16 25 31 25 9 9 9 16 31 25 9 25 16 31 16 25 25 16 25 16 16 16 16 25 9 25 9 25 16 16 25 16 31 16 31 16 16 25 16 16 25 16 25 16 16 16 25 16 16 31 25 9 16 9 16 9 31 16 25 16 9 9 16 9 31 16 31 16 31 16 16 16 9 9 16 16 16 9 9 9 31 9 9 16 16 9 16 9 16 16 16 9 25 16 16 16 31 9 9 9 16 9 9 9 31 16 25 25 9 9 16 9 16 9 9 16 16 9 9 25 16 16 16 16 16 16 25 9 9 25 16 25 16 25 16 25 16 16 9 16 9 16 16 16 9 9 9 16 31 16 16 16 16 16 16 9 31 16 9 16 25 9 16 16 16 9 16 16 16 16 16 25 25 16 9 25 31 9 16 16 16 16 9 9 16 16 16 9 16 9 16 16 16 25 9 16 16 16 16 16 9 9 16 16 9 16 25 9 9 16 16 9 16 16
9 16 16 16 9 25 16 16 16 31 9 9 9 16 9 9 9 31 16 25 25 9 9 16 9 16 9 9 16 16 9 9 25 16 16 16 16 16 16 25 9 9 25 16 25 16 25 16 25 16 16 9 16 9 16 16 16 9 9 9 16 31 16 16 16 16 16 16 9 31 16 9 16 25 9 16 16 16 9 16 16 16 16 16 25 25 16 9 25 31 9 16 16 16 16 9 9 16 16 16 9 16 9 16 16 16 25 9 16 16 16 16 16 9 9 16 16 9 16 25 9 9 16 16 9 16 16 16 16 16 16 25 16 9 9 16 25 31 9 16 16 16 16 16 16 16 25 16 16 9 25 9 9 25 9 16 16 16 9 16 16 9 9 25 16 16 31 9 16 31 16 9 9 16 31 9 16 16 16 16 16 16 16 16 16 25 25 16 16 16 16 16 31 16 9 9 16 16 31 16 31 16 31 9 25 25 16 16 9 9 16 16 9 31 16 31 16 9 9 25 16 16 16 31 16 16 16
16 16 16 16 25 16 9 9 16 25 31 9 16 16 16 16 16 16 16 25 16 16 9 25 9 9 25 9 16 16 16 9 16 16 9 9 25 16 16 31 9 16 31 16 9 9 16 31 9 16 16 16 16 16 16 16 16 16 25 25 16 16 16 16 16 31 16 9 9 16 16 31 16 31 16 31 9 25 25 16 16 9 9 16 16 9 31 16 31 16 9 9 25 16 16 16 31 16 16 16 16 16 9 9 16 16 25 16 31 9 25 16 25 16 9 9 16 16 16 16 16 9 31 31 16 31 9 25 9 16 16 16 16 16 9 9 31 16 16 16 16 16 31 16 16 16 25 16 31 16 16 16 16 31 9 9 31 31 16 16 16 9 16 31 9 9 16 9 9 16 16 16 9 25 16 16 9 9 16 16 31 9 25 9 9 16 25 16 16 16 31 25 16 16 16 16 25 16 25 16 25 9 31 9 31 9 9 16 16 16 16 16 16 31 16 16 16 9 31 25 25 16 16 16 16 16 16 25 25
9 31 16 16 16 16 16 31 16 16 16 25 16 31 16 16 16 16 31 9 9 31 31 16 16 16 9 16 31 9 9 16 9 9 16 16 16 9 25 16 16 9 9 16 16 31 9 25 9 9 16 25 16 16 16 31 25 16 16 16 16 25 16 25 16 25 9 31 9 31 9 9 16 16 16 16 16 16 31 16 16 16 9 31 25 25 16 16 16 16 16 16 25 25 16 25 25 31 16 16 9 31 25 9 9 16 16 16 25 9 9 25 16 16 31 16 16 16 25 16 9 16 16 9 16 16 9 25 25 9 16 16 9 9 16 16 25 9 9 31 16 25 9 16 16 31 16 25 9 16 16 16 25 31 9 16 25 9 16 25 9 16 16 9 16 16 16 31 25 31 16 16 16 9 16 25 31 25 9 16 16 16 16 16 16 16 25 31 9 9 16 16 16 16 16 25 16 31 16 16 31 31 16 16 16 9 16 16 31 9 9 16 16 16 9 16 9 16 16 31 16 16 9 16 9 16
16 25 25 31 16 16 9 31 25 9 9 16 16 16 25 9 9 25 16 16 31 16 16 16 25 16 9 16 16 9 16 16 9 25 25 9 16 16 9 9 16 16 25 9 9 31 16 25 9 16 16 31 16 25 9 16 16 16 25 31 9 16 25 9 16 25 9 16 16 9 16 16 16 31 25 31 16 16 16 9 16 25 31 25 9 16 16 16 16 16 16 16 25 31 9 9 16 16 16 16 16 25 16 31 16 16 31 31 16 16 16 9 16 16 31 9 9 16 16 16 9 16 9 16 16 31 16 16 9 16 9 16 31 9 16 16 16 9 25 16 31 9 16 16 9 16 16 9 9 9 16 31 16 25 16 9 31 16 25 9 9 31 16 9 16 31 16 16 31 31 9 16 9 31 16 31 16 16 25 16 16 9 9 25 16 25 9 9 16 25 16 16 16 25 9 9 16 25 16 9 9 9 31 16 31 31 9 9 31 9 9 31 16 16 16 16 16 16 31 16 16 16 9 25 16 16 16 31 25 16
31 9 16 16 16 9 25 16 31 9 16 16 9 16 16 9 9 9 16 31 16 25 16 9 31 16 25 9 9 31 16 9 16 31 16 16 31 31 9 16 9 31 16 31 16 16 25 16 16 9 9 25 16 25 9 9 16 25 16 16 16 25 9 9 16 25 16 9 9 9 31 16 31 31 9 9 31 9 9 31 16 16 16 16 16 16 31 16 16 16 9 25 16 16 16 31 25 16 16 25 16 16 16 25 16 9 16 16 25 25 16 31 16 16 25 25 9 9 9 16 9 31 16 9 9 9 16 31 16 16 31 16 16 31 16 25 9 9 31 25 16 31 16 9 25 16 9 31 31 9 16 16 16 16 9 9 16 31 9 9 16 16 9 16 9 16 16 9 9 9 16 16 9 31 9 16 16 25 16 31 9 16 16 16 16 16 16 9 25 16 16 25 16 16 16 16 16 16 31 16 16 16 9 9 16 16 9 9 25 16 16 16 25 16 9 16 9 25 16 9 16 16 16 9 16 9 31 16 25 16
16 25 16 16 16 25 16 9 16 16 25 25 16 31 16 16 25 25 9 9 9 16 9 31 16 9 9 9 16 31 16 16 31 16 16 31 16 25 9 9 31 25 16 31 16 9 25 16 9 31 31 9 16 16 16 16 9 9 16 31 9 9 16 16 9 16 9 16 16 9 9 9 16 16 9 31 9 16 16 25 16 31 9 16 16 16 16 16 16 9 25 16 16 25 16 16 16 16 16 16 31 16 16 16 9 9 16 16 9 9 25 16 16 16 25 16 9 16 9 25 16 9 16 16 16 9 16 9 31 16 25 16 16 16 16 9 16 25 9 16 9 16 16 16 16 9 16 16 31 25 16 16 9 25 9 9 16 16 16 16 16 9 16 16 9 9 16 9 9 31 16 16 16 9 9 31 25 16 9 16 16 9 16 9 16 16 25 25 16 16 31 31 25 9 16 16 31 31 31 9 25 9 16 16 31 16 31 16 31 9 16 25 25 9 16 16 16 31 9 25 9 9 16 16
16 16 16 9 16 25 9 16 9 16 16 16 16 9 16 16 31 25 16 16 9 25 9 9 16 16 16 16 16 9 16 16 9 9 16 9 9 31 16 16 16 9 9 31 25 16 9 16 16 9 16 9 16 16 25 25 16 16 31 31 25 9 16 16 31 31 31 9 25 9 16 16 31 16 31 16 31 9 16 25 25 9 16 16 16 31 9 25 9 9 16 16 16 9 16 16 25 16 9 31 16 16 9 9 25 9 25 9 16 16 9 16 16 16 25 31 16 25 16 16 16 16 16 31 16 16 16 31 16 9 16 31 16 16 25 9 9 16 9 16 16 25 9 9 16 16 9 9 31 25 16 9 31 25 9 16 16 25 9 25 16 25 16 25 25 9 9 9 9 9 16 16 9 16 16 25 16 16 25 25 16 9 16 16 9 31 25 9 9 9 16 25 16 16 9 9 16 16 9 16 16 16 25 31 16 25 9 16 16 16 31 16 9 9 16 16 25 16 31 25 16
16 16 16 31 16 9 16 31 16 16 25 9 9 16 9 16 16 25 9 9 16 16 9 9 31 25 16 9 31 25 9 16 16 25 9 25 16 25 16 25 25 9 9 9 9 9 16 16 9 16 16 25 16 16 25 25 16 9 16 16 9 31 25 9 9 9 16 25 16 16 9 9 16 16 9 16 16 16 25 31 16 25 9 16 16 16 31 16 9 9 16 16 25 16 31 25 16 16 16 16 16 9 16 16 9 16 9 16 25 16 16 25 25 9 9 9 25 16 16 9 16 16 31 31 25 16 25 16 9 25 9 25 16 9 16 9 16 16 16 16 16 9 9 16 9 9 9 9 16 16 16 9 16 16 9 9 25 9 16 9 16 16 16 9 9 31 16 16 31 31 25 31 16 16 9 16 16 9 25 9 25 16 9 9 16 9 25 9 16 16 9 9 16 9 9 9 31 16 16 16 16 16 16 16 16 9 25 25 16 25 16 16 16 16 16 16 16 16 25 31 9 16 16 16 31 16 16 9 16 16 16 16 16 31 16
16 16 16 16 9 16 16 9 16 9 16 25 16 16 25 25 9 9 9 25 16 16 9 16 16 31 31 25 16 25 16 9 25 9 25 16 9 16 9 16 16 16 16 16 9 9 16 9 9 9 9 16 16 16 9 16 16 9 9 25 9 16 9 16 16 16 9 9 31 16 16 31 31 25 31 16 16 9 16 16 9 25 9 25 16 9 9 16 9 25 9 16 16 9 9 16 9 9 9 31 16 16 16 16 16 16 16 16 9 25 25 16 25 16 16 16 16 16 16 16 16 25 31 9 16 16 16 31 16 16 9 16 16 16 16 16 31 16 25 9 16 9 31 9 16 16 9 16 16 31 16 16 9 9 9 16 16 9 16 16 9 9 16 9 16 16 16 31 16 16 16 25 16 16 9 25 25 9 9 9 9 9 16 16 16 16 16 16 16 9 25 9 9 16 9 16 25 25 16 9 16 16 25 9 16 25 16 16 9 16 9 25 16 25 9 16 16 9 16 9 31 16 16 16 25 16 9 16 9 16 16 9 16 31 16 25 9 16
25 9 16 9 31 9 16 16 9 16 16 31 16 16 9 9 9 16 16 9 16 16 9 9 16 9 16 16 16 31 16 16 16 25 16 16 9 25 25 9 9 9 9 9 16 16 16 16 16 16 16 9 25 9 9 16 9 16 25 25 16 9 16 16 25 9 16 25 16 16 9 16 9 25 16 25 9 16 16 9 16 9 31 16 16 16 25 16 9 16 9 16 16 9 16 31 16 25 9 16 16 25 16 25 25 9 31 9 16 16 16 25 25 31 16 31 16 9 16 25 16 16 16 9 16 16 16 16 16 16 9 16 31 31 9 9 9 16 16 16 16 16 16 16 25 16 16 31 16 16 25 9 25 25 9 25 25 9 25 9 16 16 31 16 31 9 16 25 25 9 31 9 9 16 31 9 9 25 9 9 16 16 16 16 9 16 25 16 16 16 31 9 9 16 16 16 16 9 31 16 16 9 16 16 16 25 16 9 16 16 31 16 16 25 16 16 16 16 25 9 31 16 25 9 25 16 25 9
16 25 16 25 25 9 31 9 16 16 16 25 25 31 16 31 16 9 16 25 16 16 16 9 16 16 16 16 16 16 9 16 31 31 9 9 9 16 16 16 16 16 16 16 25 16 16 31 16 16 25 9 25 25 9 25 25 9 25 9 16 16 31 16 31 9 16 25 25 9 31 9 9 16 31 9 9 25 9 9 16 16 16 16 9 16 25 16 16 16 31 9 9 16 16 16 16 9 31 16 16 9 16 16 16 25 16 9 16 16 31 16 16 25 16 16 16 16 25 9 31 16 25 9 25 16 25 9 16 31 16 25 31 9 16 16 9 25 9 16 9 16 25 9 16 16 9 9 16 9 31 16 16 16 16 16 9 16 16 16 25 9 16 25 25 16 25 16 16 16 25 16 31 25 16 9 25 9 9 16 16 16 16 16 16 25 16 16 31
16 31 16 25 31 9 16 16 9 25 9 16 9 16 25 9 16 16 9 9 16 9 31 16 16 16 16 16 9 16 16 16 25 9 16 25 25 16 25 16 16 16 25 16 31 25 16 9 25 9 9 16 16 16 16 16 16 25 16 16 31
1 1 1 1 1 1 1 1 2 1 1 1 1 1 1 1 1 1 1 1 1 1 18
1 1 1 1 1 1 1 1 1 1 1 1 1 1 1 1 1 1 1 1 1 1 1 1 1 1 1 1 1 1 1 1 1 1 1 1 1 1 1 1 1 1 1 1 1 1 1 1 1 1 1 1 1 1 1 1 1 1 1 1 1 1 1 1 1 1 1 1 1 1 1 1 1 1 1 1 1 1 1 1 1 1 1 1 1 1 1 1 1 1 1 1 1 1 1 1 1 1 1 1 39
1 1 1 1 1 1 1 1 1 1 1 1 1 1 1 1 1 1 1 1 1 1 1 1 1 1 1 1 1 1 1 1 1 1 1 1 1 1 1 1 1 1 1 1 1 1 1 1 1 1 1 1 1 1 1 1 1 1 1 1 1 1 1 1 1 1 1 1 1 1 1 1 1 1 1 1 1 1 1 1 1 1 1 1 1 1 1 1 1 1 1 1 1 1 1 1 1 1 1 1 39
39 39 39 39 39 39 39 39
39 39 39 39 39 39 39 39 39 39 39 39 39 39 39 39 39 39 39 39 39 39 39 39
39 39 39 39 39 39 39 39 39 39 39 39 39 39 39 39 39 39 39 39 39 39 39 39 39 39 39 39 39 39 39 39 39
39 39 39 39 39 39 39 39 39 39 39 39 39 39 39 39 39 39 39 39 39 39 39 39 39 39 39 39 39 39
39 39 39 39 39 39 39 39 39 39 39 39 39 39 39 39 39 39 39 39 39 39 39 39 39 39 39 39 39 39 39 39 39 39 39 39 39 39 39 39 39 39 39 39 39 39 39 39 39 39 39 39 39 39 39 39 39 39 39 39 39 39 39 39 39 39 39 39 39 39 39 39 39 39 39 39 39 39 39
39 39 39 39 39 39 39 39 39 39 39 39 39 39 39 39 39 39 39 39 39 39 39 39 39 39 39 39 39 39 39 39 39 39 39 39 39 39 39 39 39 39 39 39 39 39 39 39 39 39 39 39 39 39 39 39 39 39 39 39 39 39 39 39 39 39 39 39 39 39 39 39 39 39 39 39 39 39 39 39 39 39 39 39 39 39 39 39 39 39 39 39 39 39 39 39 39 39 39 39 39 39 39 39 39 39 39 39 39 39 39 39 39 39 39 39 39 39 39 39 39 39 39 39 39 39 39 39 39 39 39 39 39 39 39 39 39 39 39 39 39 39 39 39 39 39 39 39 39 39 39 39 39 39 39 39 39 39 39 39 39 39 39 39 39 39 39 39 39 39 39 39 39 39 39 39 39 39 39 39 39 39 39 39 39 39 39 39 39 39 39 39 39 39 39 39 39 39 39 39 39 39 39 39 39 39 39 39 39 39 39 39 39 39 39 39 39 39 39 39 39 39 39 39 39 39 39 39 39 39 39 39 39 39 39 39 39 39 39 39 39 39 39 39 39 39 39 39 39 39 39 39 39 39 39 39 39 39 39 39 39 39 39 39 39 39 39 39 39 39 39 39 39 39 39 39 39 39 39 39 39 39 39 39 39 39 39 39 39 39 39 39 39 39 39 39 39 39 39 39 39 39 39 39 39 39 39 39 39 39 39 39 39 39 39 39 39 39 39 39 39 39 39 39 39 39 39 39 39 39 39 39 39 39 39 39 39 39 39 39 39 39 39 39 39 39 39 39 39 39 39 39 39 39 39 39 39 39 39 39 39 39 39 39 39 39 39 39 39 39 39 39 39 39 39 39 39 39 39 39 39 39 39 39 39 39 39 39 39 39 39 39 39 39 39 39 39 39 39 39 39 39 39 39 39 39 39 39 39 39 39 39 39 39 39 39 39 39 39 39 39 39 39 39 39 39 39 39 39 39 39 39 39 39 39 39 39 39 39 39 39 39 39 39 39 39 39 39 39 39 39 39 39 39 39 39 39 39 39 39 39 39 39 39 39 39 39 39 39 39 39 39 39 39 39 39 39 39 39 39 39 39 39 39 39 39 39 39 39 39 39 39 39 39 39 39 39 39 39 39 39 39 39 39 39 39 39 39 39 39 39 39 39 39 39 39 39 39 39 39 39 39 39 39 39 39 39 39 39 39 39 39 39 39 39 39 39 39 39 39 39 39 39 39 39 39 39 39 39 39 39 39 39 39 39 39 39 39 39 39 39 39 39 39 39 39 39 39 39 39 39 39 39 39 39 39 39 39 39 39 39 39 39 39 39 39 39 39 39 39 39 39 39 39 39 39 39 39 39 39 39 39 39 39 39 39 39 39 39 39 39 39 39 39 39 39 39 39 39 39 39 39 39 39 39 39 39 39 39 39 39 39 39 39 39 39 39 39 39 39 39 39 39 39 39 39 39 39 39 39 39 39 39 39 39 39 39 39 39 39 39 39 39 39 39 39 39 39 39 39 39 39 39 39 39 39 39 39 39 39 39 39 39 39 39 39 39 39 39 39 39 39 39 39 39 39 39 39 39 39 39 39 39 39 39 39 39 39 39 39 39 39 39 39 39 39 39 39 39 39 39 39 39 39 39 39 39 39 39 39 39 39 39 39 39 39 39 39 39 39 39 39 39 39 39 39 39 39 39 39 39 39 39 39 39 39 39 39 39 39 39 39 39 39 39 39 39 39 39 39 39 39 39 39 39 39 39 39 39 39 39 39 39 39 39 39 39 39 39 39 39 39 39 39 39 39 39 39 39 39 39 39 39 39 39 39 39 39 39 39 39 39 39 39 39 39 39 39 39 39 39 39 39 39 39 39 39 39 39 39 39 39 39 39 39 39 39 39 39 39 39 39 39 39 39 39 39 39 39 39 39 39 39 39 39 39 39 39 39 39 39 39 39 39 39 39 39 39 39 39 39 39 39 39 39 39 39 39 39 39 39 39 39 39 39 39 39 39 39 39 39 39 39 39 39 39 39 39 39 39 39 39 39 39 39 39 39 39 39 39 39 39 39 39 39 39 39 39 39 39 39 39 39 39 39 39 39 39 39 39 39 39 39 39 39 39 39 39 39 39 39 39 39 39 39 39 39 39 39 39 39 39 39 39 39 39 39 39 39 39 39 39 39 39 39 39 39 39 39 39 39 39 39 39 39 39 39 39 39 39 39 39 39 39 39 39 39 39 39 39 39 39 39 39 39 39 39 39 39 39 39 39 39 39 39 39 39 39 39 39 39 39 39 39 39 39 39 39 39 39 39 39 39 39 39 39 39 39 39 39 39 39 39 39 39 39 39 39 39 39 39 39 39 39 39 39 39 39 39 39 39 39 39 39 39 39 39 39 39 39 39 39 39 39 39 39 39 39 39 39 39 39 39 39 39 39 39 39 39 39 39 39 39 39 39 39 39 39 39 39 39 39 39 39 39 39 39 39 39 39 39 39 39 39 39 39 39 39 39 39 39 39 39 39 39 39 39 39 39 39 39 39 39 39 39 39 39 39 39 39 39 39 39 39 39 39 39 39 39 39 39 39 39 39 39 39 39 39 39 39 39 39 39 39 39 39 39 39 39 39 39 39 39 39 39 39 39 39 39 39 39 39 39 39 39 39 39 39 39 39 39 39 39 39 39 39 39 39 39 39 39 39 39 39 39 39 39 39 39 39 39 39 39 39 39 39 39 39 39 39 39 39 39 39 39 39 39 39 39 39 39 39 39 39 39 39 39 39 39 39 39 39 39 39 39 39 39 39 39 39 39 39 39 39 39 39 39 39 39 39 39 39 39 39 39 39 39 39 39 39 39 39 39 39 39 39 39 39 39 39 39 39 39 39 39 39 39 39 39 39 39 39 39 39 39 39 39 39 39 39 39 39 39 39 39 39 39 39 39 39 39 39 39 39 39 39 39 39 39 39 39 39 39 39 39 39 39 39 39 39 39 39 39 39 39 39 39 39 39 39 39 39 39 39 39 39 39 39 39 39 39 39 39 39 39 39 39 39 39 39 39
39 39 39 39 39 39 39 39 39 39 39 39 39 39 39 39 39 39 39 39 39 39 39 39 39 39 39 39 39 39 39 39 39 39 39 39 39 39 39 39 39 39 39 39 39 39 39 39 39 39 39 39 39 39 39 39 39 39 39 39 39 39 39 39 39 39 39 39 39 39 39 39 39 39 39 39 39 39 39 39 39 39 39 39 39 39 39 39 39 39 39 39 39 39 39 39 39 39 39 39 39 39 39 39 39 39 39 39 39 39 39 39 39 39 39 39 39 39 39 39 39 39 39 39 39 39 39 39 39 39 39 39 39 39 39 39 39 39 39 39 39 39 39 39 39 39 39 39 39 39 39 39 39 39 39 39 39 39 39 39 39 39 39 39 39 39 39 39 39 39 39 39 39 39 39 39 39 39 39 39 39 39 39 39 39 39 39 39 39 39 39 39 39 39 39 39 39 39 39 39 39 39 39 39 39 39 39 39 39 39 39 39 39 39 39 39 39 39 39 39 39 39 39 39 39 39 39 39 39 39 39 39 39 39 39 39 39 39 39 39 39 39 39 39 39 39 39 39 39 39 39 39 39 39 39 39 39 39 39 39 39 39 39 39 39 39 39 39 39 39 39 39 39 39 39 39 39 39 39 39 39 39 39 39 39 39 39 39 39 39 39 39 39 39 39 39 39 39 39 39 39 39 39 39 39 39 39 39 39 39 39 39 39 39 39 39 39 39 39 39 39 39 39 39 39 39 39 39 39 39 39 39 39 39 39 39 39 39 39 39 39 39 39 39 39 39 39 39 39 39 39 39 39 39 39 39 39 39 39 39 39 39 39 39 39 39 39 39 39 39 39 39 39 39 39 39 39 39 39 39 39 39 39 39 39 39 39 39 39 39 39 39 39 39 39 39 39 39 39 39 39 39 39 39 39 39 39 39 39 39 39 39 39 39 39 39 39 39 39 39 39 39 39 39 39 39 39 39 39 39 39 39 39 39 39 39 39 39 39 39 39 39 39 39 39 39 39 39 39 39 39 39 39 39 39 39 39 39 39 39 39 39 39 39 39 39 39 39 39 39 39 39 39 39 39 39 39 39 39 39 39 39 39 39 39 39 39 39 39 39 39 39 39 39 39 39 39 39 39 39 39 39 39 39 39 39 39 39 39 39 39 39 39 39 39 39 39 39 39 39 39 39 39 39 39 39 39 39 39 39 39 39 39 39 39 39 39 39 39 39 39 39 39 39 39 39 39 39 39 39 39 39 39 39 39 39 39 39 39 39 39 39 39 39 39 39 39 39 39 39 39 39 39 39 39 39 39 39 39 39 39 39 39 39 39 39 39 39 39 39 39 39 39 39 39 39 39 39 39 39 39 39 39 39 39 39 39 39 39 39 39 39 39 39 39 39 39 39 39 39 39 39 39 39 39 39 39 39 39 39 39 39 39 39 39 39 39 39 39 39 39 39 39 39 39 39 39 39 39 39 39 39 39 39 39 39 39 39 39 39 39 39 39 39 39 39 39 39 39 39 39 39 39 39 39 39 39 39 39 39 39 39 39 39 39 39 39 39 39 39 39 39 39 39 39 39 39 39 39 39 39 39 39 39 39 39 39 39 39 39 39 39 39 39 39 39 39 39 39 39 39 39 39 39 39 39 39 39 39 39 39 39 39 39 39 39 39 39 39 39 39 39 39 39 39 39 39 39 39 39 39 39 39 39 39 39 39 39 39 39 39 39 39 39 39 39 39 39 39 39 39 39 39 39 39 39 39 39 39 39 39 39 39 39 39 39 39 39 39 39 39 39 39 39 39 39 39 39 39 39 39 39 39 39 39 39 39 39 39 39 39 39 39 39 39 39 39 39 39 39 39 39 39 39 39 39 39 39 39 39 39 39 39 39 39 39 39 39 39 39 39 39 39 39 39 39 39 39 39 39 39 39 39 39 39 39 39 39 39 39 39 39 39 39 39 39 39 39 39 39 39 39 39 39 39 39 39 39 39 39 39 39 39 39 39 39 39 39 39 39 39 39 39 39 39 39 39 39 39 39 39 39 39 39 39 39 39 39 39 39 39 39 39 39 39 39 39 39 39 39 39 39 39 39 39 39 39 39 39 39 39 39 39 39 39 39 39 39 39 39 39 39 39 39 39 39 39 39 39 39 39 39 39 39 39 39 39 39 39 39 39 39 39 39 39 39 39 39 39 39 39 39 39 39 39 39 39 39 39 39 39 39 39 39 39 39 39 39 39 39 39 39 39 39 39 39 39 39 39 39 39 39 39 39 39 39 39 39 39 39 39 39 39 39 39 39 39 39 39 39 39 39 39 39 39 39 39 39 39 39 39 39 39 39 39 39 39 39 39 39 39 39 39 39 39 39 39 39 39 39 39 39 39 39 39 39 39 39 39 39 39 39 39 39 39 39 39 39 39 39 39 39 39 39 39 39 39 39 39 39 39 39 39 39 39 39 39 39 39 39 39 39 39 39 39 39 39 39 39 39 39 39 39 39 39 39 39 39 39 39 39 39 39 39 39 39 39 39 39 39 39 39 39 39 39 39 39 39 39 39 39 39 39 39 39 39 39 39 39 39 39 39 39 39 39 39 39 39 39 39 39 39 39 39 39 39 39 39 39 39 39 39 39 39 39 39 39 39 39 39 39 39 39 39 39 39 39 39 39 39 39 39 39 39 39 39 39 39 39 39 39 39 39 39 39 39 39 39 39 39 39 39 39 39 39 39 39 39 39 39 39 39 39 39 39 39 39 39 39 39 39 39 39 39 39 39 39 39 39 39 39 39 39 39 39 39 39 39 39 39 39 39 39 39 39 39 39 39 39 39 39 39 39 39 39 39 39 39 39 39 39 39 39 39 39 39 39 39 39 39 39 39 39 39 39 39 39 39 39 39 39 39 39 39 39 39 39 39
1 1 1 1 1 1 1 1 1 1 1 1 1 1 1 1 1 1 1 1 1 1 1 1 1 1 1 1 1 1 26 1 1 18 2 10 18 10 2 10 2 18 18 18 18 10 26 10 10 2 2 10 26 2 26 1 1 1 1 1 1 1 1 1 1 1 1 2 2 18 26 10 2 18 2 2 1 1 1 1 1 1 1 1 1 1 1 2 26 26 2 10 2 2 18 2 18 2 18 1 1 1 1 1 1 1 1 1 26 10 26 10 26 2 10 2 10 26 18 1 1 1 1 1 1 1 1 1 1 1 10 2 18 10 18 18 10 18 10 1 1 1 1 1 1 1 1 1 1 1 1 1 2 2 2 18 2 18 2 18 18 18 2 10 18 1 1 1 1 1 1 1 1 1 1 26 18 2 2 18 2 26 10 18 10 18 1 2 26 2 26 18 26 10 26 2 10 1 2 2 1 1 1 1 1 1 1 1 1 1 1 1 1 1 1 1 1 1 1 1 1 1 26 10 26 2 10 18 26 2 18 2 2 1 1 1 1 1 1 1 10 1 1 1 1 18 10 10 26 10 26 18 10 26 26 2 10 1 1 1 1 1 1 1 1 1 1 1 26 2 26 18 2 18 10 18 10 2 2 10 18 26 18 1 1 1 1 1 1 1 1 1 1 1 26 2 26 10 26 2 2 10 26 18 26 18 2 10 2 26 1 1 1 1 1 1 1 1 1 1 1 2 18 18 10 26 2 26 10 18 18 18 10 1 1 1 1 1 10 1 1 1 1 1 1 1 10 26 2 10 10 2 2 2 18 10 10 18 26 18 18 26 26 10 1 1 1 18 1 1 1 1 1 1 1 18 26 18 2 2 2 26 18 26 2 10 2 18 18 2 10 26 2 10 1 1 1 1 1 1 1 1 1 1 1 18 2 18 18 26 2 2 10 26 10 26 2 26 2 10 26 2 10 1 26 18 18 2 26 10 10 18 18 26 2 26 10 2 18 10 10 26 26 2 2 26 10 18 18 26 10 2 26 18 10 26 26 2 18 10 18 10 10 26 18 26 2 26 2 10 18 10 18 18 2 18 18 26 18 2 18 18 26 10 10 10 18 18 2 2 10 18 26 2 26 10 2 18 10 18 2 18 10 2 26 10 10 18 26 26 2 10 10 2 2 1 1 1 1 1 1 1 1 1 1 1 18 26 18 18
1 1 1 1 1 1 1 1 1 1 1 1 1 1 1 1 1 1 1 1 1 1 1 1 1 1 1 1 1 1 26 1 1 18 2 10 18 10 2 10 2 18 18 18 18 10 26 10 10 2 2 10 26 2 26 1 1 1 1 1 1 1 1 1 1 1 1 2 2 18 26 10 2 18 2 2 1 1 1 1 1 1 1 1 1 1 1 2 26 26 2 10 2 2 18 2 18 2 18 1 1 1 1 1 1 1 1 1 26 10 26 10 26 2 10 2 10 26 18 1 1 1 1 1 1 1 1 1 1 1 10 2 18 10 18 18 10 18 10 1 1 1 1 1 1 1 1 1 1 1 1 1 2 2 2 18 2 18 2 18 18 18 2 10 18 1 1 1 1 1 1 1 1 1 1 26 18 2 2 18 2 26 10 18 10 18 1 2 26 2 26 18 26 10 26 2 10 1 2 2 1 1 1 1 1 1 1 1 1 1 1 1 1 1 1 1 1 1 1 1 1 1 26 10 26 2 10 18 26 2 18 2 2 1 1 1 1 1 1 1 10 1 1 1 1 18 10 10 26 10 26 18 10 26 26 2 10 1 1 1 1 1 1 1 1 1 1 1 26 2 26 18 2 18 10 18 10 2 2 10 18 26 18 1 1 1 1 1 1 1 1 1 1 1 26 2 26 10 26 2 2 10 26 18 26 18 2 10 2 26 1 1 1 1 1 1 1 1 1 1 1 2 18 18 10 26 2 26 10 18 18 18 10 1 1 1 1 1 10 1 1 1 1 1 1 1 10 26 2 10 10 2 2 2 18 10 10 18 26 18 18 26 26 10 1 1 1 18 1 1 1 1 1 1 1 18 26 18 2 2 2 26 18 26 2 10 2 18 18 2 10 26 2 10 1 1 1 1 1 1 1 1 1 1 1 18 2 18 18 26 2 2 10 26 10 26 2 26 2 10 26 2 10 1 26 18 18 2 26 10 10 18 18 26 2 26 10 2 18 10 10 26 26 2 2 26 10 18 18 26 10 2 26 18 10 26 26 2 18 10 18 10 10 26 18 26 2 26 2 10 18 10 18 18 2 18 18 26 18 2 18 18 26 10 10 10 18 18 2 2 10 18 26 2 26 10 2 18 10 18 2 18 10 2 26 10 10 18 26 26 2 10 10 2 2 1 1 1 1 1 1 1 1 1 1 1 18 26 18 18 2 2 10 26 10 26 10 2 18 10 2 2 2 18 26 26 2 26 1 1 1 1 1 1 1 1 1 1 1 10 2 2 10 2 26 2 10 26 26 18 26 2 26 10 26 10 18 18 26 26 2 26 1 1 1 1 1 1 1 1 1 1 1 1 26 18 18 26 2 10 10 18 26 18 2 2 2 10 26 18 10 10 18 18 2 2 26 26 10 10 18 10 18 18 26 10 26 18 26 2 2 18 2 26 18 10 1 1 26 1 1 1 1 1 1 1 1 10 10 26 18 10 10 2 10 18 18 18 26 18 18 10 10 2 2 18 10 18 10 2 10 2 18 26 2 18 2 18 10 10 2 10 1 1 1 1 1 1 1 1 1 1 1 18 10 26 2 18 18 10 26 2 2 10 10 10 10 10 2 2 26 18 18 18 10 18 2 10 10 26 10 18 10 10 10 26 10 2 10 2 18 18 18 26 10 18 10 18 10 26 26 10 2 10 18 10 2 26 2 10 26 1 1 1 1 1 1 1 1 1 1 1 18 10 18 18 2 2 26 26 10 26 18 2 2 26 2 18 10 18 26 2 18 10 26 18 26 2 26 18 26 26 26 18 18 2 18 26 10 26 2 26 10 18 10 18 1 1 1 1 1 1 1 1 1 1 1 18 26 10 18 2 10 10 10 18 2 2 18 2 26 18 10 18 18 26 2 26 10 2 18 10 2 2 10 18 26 18 18 10 26 26 2 18 2 26 18 18 18 2 18 10 10 26 26 26 10 18 10 26 2 18 26 26 10 26 26 26 10 18 2 10 10 18 2 10 18 2 26 1 1 1 1 1 1 10 1 1 1 1 1 2 26 26 10 2 26 10 18 10 18 26 26 26 18 2 18 26 18 26 26 2 10 26 26 2 26 26 26 18 2 18 10 10 2 2 2 18 26
1 1 1 1 1 1 1 1 1 1 1 1 1 1 1 1 1 1 1 1 1 35 1 1 1 1 1 1 1 1 1 1 1 1 1 35 35 35 35 35
1 1 1 1 1 1 1 1 1 1 1 1 1 1 1 1 1 1 1 1 1 1 1 1 1 1 1 1 1 1 2 1 1 26 18 26 10 10 10 2 26 2 26 26 10 18 26 2 2 10 26 2 10 18 18 1 1 1 1 1 1 1 1 1 1 1 1 2 10 2 26 26 2 26 26 2 1 1 1 1 1 1 1 1 1 1 1 10 2 10 10 2 26 10 26 18 10 26 10 1 1 1 1 1 1 1 1 1 26 2 2 18 18 2 18 26 26 10 18 1 1 1 1 1 1 1 1 1 1 1 26 26 10 2 2 10 26 10 2 1 1 1 1 1 1 1 1 1 1 1 26 18 26 26 2 26 26 2 2 26 26 10 18 1 1 1 1 1 1 1 1 1 1 1 1 26 18 2 26 26 26 26 10 26 1 18 2 26 2 2 2 18 26 2 2 26 26 1 18 10 1 1 1 1 1 1 1 1 1 1 1 1 1 1 1 1 1 1 1 1 1 10 2 18 18 2 18 18 26 2 10 1 1 1 1 1 1 1 1 1 1 1 1 26 18 10 26 26 10 18 2 2 18 18 1 1 1 1 1 1 1 1 1 10 10 2 26 18 10 26 18 26 18 2 10 1 1 1 1 1 1 1 1 1 2 1 10 1 26 1 1 2 18 26 2 2 26 2 1 1 1 1 1 1 1 1 1 1 1 26 2 10 26 26 2 18 10 10 2 10 2 18 10 2 1 1 1 1 1 1 1 1 1 1 26 10 2 18 10 2 18 26 10 26 2 10 2 18 18 18 10 1 1 1 1 1 1 1 1 1 1 1 1 10 10 18 10 10 18 26 2 2 2 18 18 18 18 26 2 1 1 1 1 26 1 1 1 1 1 26 1 1 2 2 10 2 10 18 26 18 18 10 2 10 2 2 2 18 2 18 2 2 18 2 18 26 1 26 10 2 10 26 18 26 18 26 10 2 26 18 26 2 18 10 10 2 10 18 18 10 2 10 10 18 2 26 18 18 18 10 2 18 18 26 26 18 10 10 26 26 26 18 2 26 2 10 26 18 18 18 18 10 26 10 10 10 10 2 2 18 26 2 10 10 10 18 10 18 2 10 26 10 18 10 26 26 2 26 18 10 10 10 2 26 26 10 18 10 2 18 10 2 2 2 18 10 18 2 18 2 26 10 18 10 2 10 26 10 10 10 18 10 18 10 18 26 10 18 18 26 26 2 26 26 10 26 1 1 1 1 1 1 1 1 1 1 1 10 2 26 18 26 2 26 2 18 26 1 1 1 1 1 1 1 1 1 1 1 18 26 18 26 10 10 18 26 26 26 26 26 2 26 18 18 26 10 10 10 18 10 18 2 2 10 18 18 2 26 18 18 1 1 1 1 26 1 1 1 1 1 1 1 26 2 2 26 18 10 2 18 10 2 26 2 10 26 26 18 18 26 2 2 26 26 2 18 18 18 26 26 10 18 18 10 10 26 26 26 10 1 1 1 1 1 1 1 1 1 1 1 26
1 1 1 1 1 1 1 1 1 1 1 1 1 1 1 1 1 1 1 1 1 1 1 1 1 1 26 1 1 1 1 1 1 1 2 10 10 2 26 2 26 18 18 18 10 2 18 10 10 2 18 18 18 2 26 1 1 1 1 1 1 1 1 1 1 26 10 2 10 2 26 18 26 26 26 18 1 1 1 1 1 1 1 1 1 1 1 1 2 2 2 2 2 26 26 26 26 26 1 1 1 1 1 1 1 1 1 18 10 2 10 18 2 2 26 2 2 2 26 1 1 1 1 1 1 1 1 1 1 1 18 18 10 10 26 10 18 2 10 1 1 1 1 1 1 1 1 1 1 1 1 1 26 10 10 26 26 10 18 18 18 18 26 18 2 1 1 1 1 1 1 1 1 1 1 2 18 26 2 2 26 26 18 26 10 18 1 18 26 10 26 26 2 2 2 10 2 1 26 26 1 1 1 1 1 1 1 1 1 1 1 1 1 1 1 1 1 1 1 1 1 1 2 26 2 18 18 26 18 10 26 18 1 1 1 1 1 1 1 1 1 1 1 18 18 10 18 18 26 10 26 2 2 2 18 2 26 1 1 1 1 1 1 1 10 1 1 1 1 18 10 2 2 26 26 10 18 10 18 10 2 1 1 1 1 1 1 1 1 1 1 26 10 26 10 18 26 10 26 10 18 26 26 18 10 1 1 1 1 1 1 1 1 1 1 1 1 26 18 18 10 2 2 26 2 10 10 2 10 10 1 1 1 1 1 1 1 1 1 1 1 26 26 26 2 2 26 18 10 26 26 10 26 26 10 26 26 18 2 26 10 1 1 1 1 1 1 1 1 1 1 1 18 10 2 18 26 26 26 2 10 18 18 26 2 18 2 26 18 1 1 1 1 1 1 1 1 1 1 1 18 26 10 10 18 10 2 10 18 18 26 18 18 18 2 2 26 26 18 2 18 10 10 26 26 26 10 26 10 1 10 18 10 10 26 10 10 26 18 2 2 26 10 18 10 2 26 2 26 2 18 2 10 2 2 2 2 26 2 26 18 26 10 18 18 10 10 18 10 18 18 10 10 10 26 10 2 2 26 26 10 2 18 2 18 26 2 18 18 2 2 26 18 2 10 10 18 26 10 18 18 10 26 18 10 2 26 2 2 18 26 26 18 2 2
1 1 1 1 1 1 1 1 1 1 1 1 1 1 1 1 1 1 1 1 1 1 1 1 1 1 26 1 1 1 1 1 1 1 2 10 10 2 26 2 26 18 18 18 10 2 18 10 10 2 18 18 18 2 26 1 1 1 1 1 1 1 1 1 1 26 10 2 10 2 26 18 26 26 26 18 1 1 1 1 1 1 1 1 1 1 1 1 2 2 2 2 2 26 26 26 26 26 1 1 1 1 1 1 1 1 1 18 10 2 10 18 2 2 26 2 2 2 26 1 1 1 1 1 1 1 1 1 1 1 18 18 10 10 26 10 18 2 10 1 1 1 1 1 1 1 1 1 1 1 1 1 26 10 10 26 26 10 18 18 18 18 26 18 2 1 1 1 1 1 1 1 1 1 1 2 18 26 2 2 26 26 18 26 10 18 1 18 26 10 26 26 2 2 2 10 2 1 26 26 1 1 1 1 1 1 1 1 1 1 1 1 1 1 1 1 1 1 1 1 1 1 2 26 2 18 18 26 18 10 26 18 1 1 1 1 1 1 1 1 1 1 1 18 18 10 18 18 26 10 26 2 2 2 18 2 26 1 1 1 1 1 1 1 10 1 1 1 1 18 10 2 2 26 26 10 18 10 18 10 2 1 1 1 1 1 1 1 1 1 1 26 10 26 10 18 26 10 26 10 18 26 26 18 10 1 1 1 1 1 1 1 1 1 1 1 1 26 18 18 10 2 2 26 2 10 10 2 10 10 1 1 1 1 1 1 1 1 1 1 1 26 26 26 2 2 26 18 10 26 26 10 26 26 10 26 26 18 2 26 10 1 1 1 1 1 1 1 1 1 1 1 18 10 2 18 26 26 26 2 10 18 18 26 2 18 2 26 18 1 1 1 1 1 1 1 1 1 1 1 18 26 10 10 18 10 2 10 18 18 26 18 18 18 2 2 26 26 18 2 18 10 10 26 26 26 10 26 10 1 10 18 10 10 26 10 10 26 18 2 2 26 10 18 10 2 26 2 26 2 18 2 10 2 2 2 2 26 2 26 18 26 10 18 18 10 10 18 10 18 18 10 10 10 26 10 2 2 26 26 10 2 18 2 18 26 2 18 18 2 2 26 18 2 10 10 18 26 10 18 18 10 26 18 10 2 26 2 2 18 26 26 18 2 2 2 2 26 26 2 26 18 2 10 26 2 2 10 18 2 18 18 26 10 18 2 10 18 26 26 26 26 2 1 1 1 1 1 1 1 1 1 1 1 26 18 2 2 18 18 10 10 2 2 10 2 2 18 2 10 26 2 26 2 10 1 1 1 1 1 1 1 1 1 1 1 18 10 2 26 10 26 10 10 18 2 10 10 26 2 26 10 2 26 26 2 26 10 10 2 26 2 26 10 1 1 1 1 1 1 1 1 1 1 1 10 18 18 26 2 18 10 26 26 2 10 26 10 10 2 26 2 10 26 18 18 2 26 18 2 2 10 18 26 10 26 26 26 26 10 26 2 2 10 18 2 18 1 1 1 1 1 1 1 1 1 1 1 2 10 10 2 10 18 26 2 18 10 18 10 10 18 18 2 10 18 2 18 18 26 26 18 18 10 10 18 18 18 10 18 18 26 26 2 26 1 1 1 1 1 1 1 1 1 1 1 10 10 18 26 26 2 26 2 2 10 26 26 26 18 10 2 26 18 18 2 10 2 10 26 10 26 18 2 26 2 10 2 10 18 26 10 18 26 26 18 2 10 2 2 18 2 18 26 26 18 26 18 2 18 2 18 18 10 1 1 1 1 1 1 1 1 1 1 1 10 2 18 18 10 26 26 18 2 2 10 26 2 26 10 2 10 18 26 18 18 26 2 26 18 2 10 18 26 10 2 18 10 2 10 10 18 26 2 26 18 10 18 10 10 18 26 10 18 2 18 18 1 1 1 1 1 1 1 1 1 1 1 2 2 26 18 18 26 18 26 18 26 10 18 18 10 2 26 18 26 2 2 2 26 18 2 2 2 10 18 10 2 26 10 18 10 26 18 26 10 10 2 2 2 26 26 18 26 26 26 26 26 18 10 10 2 10 10 26 2 18
1 1 1 1 1 1 1 1 1 1 1 1 1 1 1 1 1 1 1 1 1 1 1 1 1 1 1 1 1 1 1 1 1 1 1 1 1 1 1 1 1 1 1 1 1 1 1 1 1 1 1 1 1 1 1 1 1 1 1 1 1 1 1 1 1 1 1 1 1 1 1 1 1 1 1 1 1 1 1 1 1 1 1 1 1 1 1 1 1 1 1 1 1 1 1 1 1 1 1 1
1 1 1 1 1 1 1 1 1 1 1 1 1 1 1 1 1 1 1 1 1 1 1 1 1 1 1 1 1 1 1 1 1 1 1 1 1 1 1 1 1 1 1 1 1 1 1 1 1 1 1 1 1 1 1 1 1 1 1 1 1 1 1 1 1 1 1 1 1 1 1 1 1 1 1 1 1 1 1 1 1 1 1 1 1 1 1 1 1 1 1 1 1 1 1 1 1 1 1 1
39 39 39 39 39 39
39 39 39 39 39 39
39 39 39
39 39 39 39 39 39 39 39 39 39 39 39 39 39 39 39 39
39 39 39 39 39 39 39 39 39 39 39 39 39 39 39 39 39 39 39 39 39 39 39 39 39 39
39 39 39 39 39 39 39 39 39 39 39 39 39 39 39 39 39 39 39 39 39 39
39 39 39 39 39 39 39 39 39 39 39 39 39 39 39 39 39 39
39 39 39 39 39
